system:index,.geo,class
1,"{""geodesic"":false,""type"":""Polygon"",""coordinates"":[[[74.87576088921247,12.918606177112007],[74.87582794443784,12.918606177112007],[74.87582794443784,12.918689835295428],[74.87576088921247,12.918689835295428],[74.87576088921247,12.918606177112007]]]}",agriculture
2,"{""type"":""Point"",""coordinates"":[74.85982808736604,12.898031713897712]}",vegetation
3,"{""geodesic"":false,""type"":""Polygon"",""coordinates"":[[[74.81914918220393,12.899889453635103],[74.82077996528498,12.899889453635103],[74.82077996528498,12.902985019551934],[74.81914918220393,12.902985019551934],[74.81914918220393,12.899889453635103]]]}",water
4,"{""type"":""Point"",""coordinates"":[74.8452339680901,12.924834360849083]}",buildup
5,"{""geodesic"":false,""type"":""Polygon"",""coordinates"":[[[74.85638551604632,12.917760824210907],[74.85655449521425,12.917760824210907],[74.85655449521425,12.91796474167398],[74.85638551604632,12.91796474167398],[74.85638551604632,12.917760824210907]]]}",barrenland
6,"{""geodesic"":false,""type"":""Polygon"",""coordinates"":[[[74.87588963524519,12.918637548934072],[74.87597814814268,12.918637548934072],[74.87597814814268,12.91873427869397],[74.87588963524519,12.91873427869397],[74.87588963524519,12.918637548934072]]]}",agriculture
7,"{""type"":""Point"",""coordinates"":[74.85947671798509,12.898361144943625]}",vegetation
8,"{""geodesic"":false,""type"":""Polygon"",""coordinates"":[[[74.81460015571467,12.905662234853656],[74.81666009223811,12.905662234853656],[74.81666009223811,12.909008713672051],[74.81460015571467,12.909008713672051],[74.81460015571467,12.905662234853656]]]}",water
9,"{""type"":""Point"",""coordinates"":[74.84503280241398,12.924980759000528]}",buildup
10,"{""geodesic"":false,""type"":""Polygon"",""coordinates"":[[[74.85694877993944,12.91789938353086],[74.85706947934511,12.91789938353086],[74.85706947934511,12.917954284372236],[74.85694877993944,12.917954284372236],[74.85694877993944,12.91789938353086]]]}",barrenland
11,"{""geodesic"":false,""type"":""Polygon"",""coordinates"":[[[74.87592182175337,12.918336902143887],[74.87600228802381,12.918336902143887],[74.87600228802381,12.918404874493328],[74.87592182175337,12.918404874493328],[74.87592182175337,12.918336902143887]]]}",agriculture
12,"{""type"":""Point"",""coordinates"":[74.8631888952617,12.898609525207315]}",vegetation
13,"{""geodesic"":false,""type"":""Polygon"",""coordinates"":[[[74.81914918220393,12.882402970367368],[74.82095162666194,12.882402970367368],[74.82095162666194,12.885164075232382],[74.81914918220393,12.885164075232382],[74.81914918220393,12.882402970367368]]]}",water
14,"{""type"":""Point"",""coordinates"":[74.84474044163136,12.92489448867168]}",buildup
15,"{""geodesic"":false,""type"":""Polygon"",""coordinates"":[[[74.85722236525896,12.917367367609764],[74.85725991618517,12.917367367609764],[74.85725991618517,12.917424882899107],[74.85722236525896,12.917424882899107],[74.85722236525896,12.917367367609764]]]}",barrenland
16,"{""geodesic"":false,""type"":""Polygon"",""coordinates"":[[[74.87471214548765,12.918190500097662],[74.87478456513105,12.918190500097662],[74.87478456513105,12.918266315453748],[74.87471214548765,12.918266315453748],[74.87471214548765,12.918190500097662]]]}",agriculture
17,"{""type"":""Point"",""coordinates"":[74.86275974181932,12.899189991593389]}",vegetation
18,"{""geodesic"":false,""type"":""Polygon"",""coordinates"":[[[74.82036143206723,12.89692574516749],[74.82160597705014,12.89692574516749],[74.82160597705014,12.898138891286651],[74.82036143206723,12.898138891286651],[74.82036143206723,12.89692574516749]]]}",water
19,"{""type"":""Point"",""coordinates"":[74.84467338640599,12.92476639024961]}",buildup
20,"{""geodesic"":false,""type"":""Polygon"",""coordinates"":[[[74.85434625367023,12.91803251967372],[74.8544133088956,12.91803251967372],[74.8544133088956,12.918150164256321],[74.85434625367023,12.918150164256321],[74.85434625367023,12.91803251967372]]]}",barrenland
21,"{""type"":""Point"",""coordinates"":[74.87469873444257,12.918300301640377]}",agriculture
22,"{""type"":""Point"",""coordinates"":[74.86262026695054,12.900345607527967]}",vegetation
23,"{""geodesic"":false,""type"":""Polygon"",""coordinates"":[[[74.81155252148133,12.918974162170489],[74.81326913525086,12.918974162170489],[74.81326913525086,12.92048000296667],[74.81155252148133,12.92048000296667],[74.81155252148133,12.918974162170489]]]}",water
24,"{""type"":""Point"",""coordinates"":[74.84740655739216,12.925187284818186]}",buildup
25,"{""geodesic"":false,""type"":""Polygon"",""coordinates"":[[[74.83983710168496,12.930488751693407],[74.8399886464943,12.930488751693407],[74.8399886464943,12.930577634282118],[74.83983710168496,12.930577634282118],[74.83983710168496,12.930488751693407]]]}",barrenland
26,"{""type"":""Point"",""coordinates"":[74.87585744873701,12.918459775223601]}",agriculture
27,"{""type"":""Point"",""coordinates"":[74.86051741508287,12.899995262989489]}",vegetation
28,"{""geodesic"":false,""type"":""Polygon"",""coordinates"":[[[74.82957696606141,12.930518709540843],[74.83043527294618,12.930518709540843],[74.83043527294618,12.931689865676754],[74.82957696606141,12.931689865676754],[74.82957696606141,12.930518709540843]]]}",water
29,"{""type"":""Point"",""coordinates"":[74.84723489601521,12.92509055755776]}",buildup
30,"{""geodesic"":false,""type"":""Polygon"",""coordinates"":[[[74.84018847106591,12.930576327185463],[74.84027430175439,12.930576327185463],[74.84027430175439,12.930666516839192],[74.84018847106591,12.930666516839192],[74.84018847106591,12.930576327185463]]]}",barrenland
31,"{""type"":""Point"",""coordinates"":[74.87606397883116,12.918357816714924]}",agriculture
32,"{""type"":""Point"",""coordinates"":[74.8587954368953,12.899399153244163]}",vegetation
33,"{""geodesic"":false,""type"":""Polygon"",""coordinates"":[[[74.82477044750672,12.872790641261618],[74.82734536816102,12.872790641261618],[74.82734536816102,12.87530083413618],[74.82477044750672,12.87530083413618],[74.82477044750672,12.872790641261618]]]}",water
34,"{""geodesic"":false,""type"":""Polygon"",""coordinates"":[[[74.84600107986836,12.924996444511658],[74.84637390692143,12.924996444511658],[74.84637390692143,12.925161142319057],[74.84600107986836,12.925161142319057],[74.84600107986836,12.924996444511658]]]}",buildup
35,"{""geodesic"":false,""type"":""Polygon"",""coordinates"":[[[74.84017371891633,12.930712265201814],[74.84024211524621,12.930712265201814],[74.84024211524621,12.930842974763085],[74.84017371891633,12.930842974763085],[74.84017371891633,12.930712265201814]]]}",barrenland
36,"{""type"":""Point"",""coordinates"":[74.87601569906889,12.918543433456058]}",agriculture
37,"{""type"":""Point"",""coordinates"":[74.86476066974443,12.899106326884116]}",vegetation
38,"{""geodesic"":false,""type"":""Polygon"",""coordinates"":[[[74.82511377026063,12.8637537388465],[74.82683038403016,12.8637537388465],[74.82683038403016,12.866096670737134],[74.82511377026063,12.866096670737134],[74.82511377026063,12.8637537388465]]]}",water
39,"{""geodesic"":false,""type"":""Polygon"",""coordinates"":[[[74.84774183351902,12.925239569808216],[74.84825681764988,12.925239569808216],[74.84825681764988,12.925438252670464],[74.84774183351902,12.925438252670464],[74.84774183351902,12.925239569808216]]]}",buildup
40,"{""geodesic"":false,""type"":""Polygon"",""coordinates"":[[[74.8400597250332,12.930365884533341],[74.84013616799012,12.930365884533341],[74.84013616799012,12.93039202648735],[74.8400597250332,12.93039202648735],[74.8400597250332,12.930365884533341]]]}",barrenland
41,"{""type"":""Point"",""coordinates"":[74.87588427082716,12.91838395992624]}",agriculture
42,"{""type"":""Point"",""coordinates"":[74.86517372993272,12.89929980148184]}",vegetation
43,"{""type"":""Point"",""coordinates"":[74.82511377026063,12.9239935961821]}",water
44,"{""geodesic"":false,""type"":""Polygon"",""coordinates"":[[[74.84823535997776,12.925114085813748],[74.84862696249394,12.925114085813748],[74.84862696249394,12.925171599319041],[74.84823535997776,12.925171599319041],[74.84823535997776,12.925114085813748]]]}",buildup
45,"{""geodesic"":false,""type"":""Polygon"",""coordinates"":[[[74.83952194212571,12.930452152971199],[74.83970969675676,12.930452152971199],[74.83970969675676,12.93055672073469],[74.83952194212571,12.93055672073469],[74.83952194212571,12.930452152971199]]]}",barrenland
46,"{""type"":""Point"",""coordinates"":[74.87577966467558,12.918454546583147]}",agriculture
47,"{""type"":""Point"",""coordinates"":[74.86473384765428,12.899613543754736]}",vegetation
48,"{""type"":""Point"",""coordinates"":[74.83009195019227,12.933697549121263]}",water
49,"{""geodesic"":false,""type"":""Polygon"",""coordinates"":[[[74.84859477598576,12.924220010527653],[74.84862696249394,12.924220010527653],[74.84862696249394,12.924329809419454],[74.84859477598576,12.924329809419454],[74.84859477598576,12.924220010527653]]]}",buildup
50,"{""geodesic"":false,""type"":""Polygon"",""coordinates"":[[[74.83761992684484,12.929800847836143],[74.83765211335302,12.929800847836143],[74.83765211335302,12.929885809369045],[74.83761992684484,12.929885809369045],[74.83761992684484,12.929800847836143]]]}",barrenland
51,"{""type"":""Point"",""coordinates"":[74.87570456282317,12.918624477342025]}",agriculture
52,"{""type"":""Point"",""coordinates"":[74.86565116313737,12.898834416385746]}",vegetation
53,"{""type"":""Point"",""coordinates"":[74.82271051098328,12.918974162170487]}",water
54,"{""geodesic"":false,""type"":""Polygon"",""coordinates"":[[[74.84713028986363,12.924580778133661],[74.84728049356846,12.924580778133661],[74.84728049356846,12.924669662826119],[74.84713028986363,12.924669662826119],[74.84713028986363,12.924580778133661]]]}",buildup
55,"{""geodesic"":false,""type"":""Polygon"",""coordinates"":[[[74.83773392072797,12.929681901641473],[74.83782779804349,12.929681901641473],[74.83782779804349,12.929778627122763],[74.83773392072797,12.929778627122763],[74.83773392072797,12.929681901641473]]]}",barrenland
56,"{""type"":""Point"",""coordinates"":[74.87595132605253,12.918553890733145]}",agriculture
57,"{""type"":""Point"",""coordinates"":[74.86458364394944,12.898588650873341]}",vegetation
58,"{""type"":""Point"",""coordinates"":[74.81653070141297,12.91111017943394]}",water
59,"{""geodesic"":false,""type"":""Polygon"",""coordinates"":[[[74.84237769865189,12.927407714389563],[74.84268749379311,12.927407714389563],[74.84268749379311,12.927458691801554],[74.84237769865189,12.927458691801554],[74.84237769865189,12.927407714389563]]]}",buildup
60,"{""geodesic"":false,""type"":""Polygon"",""coordinates"":[[[74.83778756490827,12.929825682748751],[74.83785059682012,12.929825682748751],[74.83785059682012,12.929892344870371],[74.83778756490827,12.929892344870371],[74.83778756490827,12.929825682748751]]]}",barrenland
61,"{""type"":""Point"",""coordinates"":[74.87584135548292,12.91871074983691]}",agriculture
62,"{""type"":""Point"",""coordinates"":[74.86365023521226,12.898342885119533]}",vegetation
63,"{""type"":""Point"",""coordinates"":[74.81807565380555,12.902576641659902]}",water
64,"{""geodesic"":false,""type"":""Polygon"",""coordinates"":[[[74.84241927289162,12.92715413428806],[74.84256947659645,12.92715413428806],[74.84256947659645,12.927253474977077],[74.84241927289162,12.927253474977077],[74.84241927289162,12.92715413428806]]]}",buildup
65,"{""geodesic"":false,""type"":""Polygon"",""coordinates"":[[[74.83761858574033,12.929585176122716],[74.8376856409657,12.929585176122716],[74.8376856409657,12.929676673236013],[74.83761858574033,12.929676673236013],[74.83761858574033,12.929585176122716]]]}",barrenland
66,"{""type"":""Point"",""coordinates"":[74.87594596163451,12.918472846824262]}",agriculture
67,"{""type"":""Point"",""coordinates"":[74.86416521934312,12.898546818421654]}",vegetation
68,"{""type"":""Point"",""coordinates"":[74.82030725170594,12.89236947880639]}",water
69,"{""geodesic"":false,""type"":""Polygon"",""coordinates"":[[[74.87416992440377,12.90343900995493],[74.87446496739541,12.90343900995493],[74.87446496739541,12.903543589025725],[74.87416992440377,12.903543589025725],[74.87416992440377,12.90343900995493]]]}",buildup
70,"{""geodesic"":false,""type"":""Polygon"",""coordinates"":[[[74.8373610936749,12.929662295120435],[74.8374509476769,12.929662295120435],[74.8374509476769,12.929979920571723],[74.8373610936749,12.929979920571723],[74.8373610936749,12.929662295120435]]]}",barrenland
71,"{""type"":""Point"",""coordinates"":[74.87476578966795,12.918381345605225]}",agriculture
72,"{""type"":""Point"",""coordinates"":[74.86323717502397,12.899953430772996]}",vegetation
73,"{""type"":""Point"",""coordinates"":[74.81927728344422,12.88701473510528]}",water
74,"{""geodesic"":false,""type"":""Polygon"",""coordinates"":[[[74.87515697732125,12.903420708613051],[74.87579802527581,12.903420708613051],[74.87579802527581,12.90353574559692],[74.87515697732125,12.90353574559692],[74.87515697732125,12.903420708613051]]]}",buildup
75,"{""geodesic"":false,""type"":""Polygon"",""coordinates"":[[[74.83556669584394,12.929702815262234],[74.83563777438283,12.929702815262234],[74.83563777438283,12.929843982156456],[74.83556669584394,12.929843982156456],[74.83556669584394,12.929702815262234]]]}",barrenland
76,"{""geodesic"":false,""type"":""Polygon"",""coordinates"":[[[74.87081994597776,12.904484428121636],[74.87087224905355,12.904484428121636],[74.87087224905355,12.904641296055665],[74.87081994597776,12.904641296055665],[74.87081994597776,12.904484428121636]]]}",agriculture
77,"{""type"":""Point"",""coordinates"":[74.86229303745073,12.900220111033269]}",vegetation
78,"{""type"":""Point"",""coordinates"":[74.81344079662783,12.921149262628566]}",water
79,"{""geodesic"":false,""type"":""Polygon"",""coordinates"":[[[74.8748056079403,12.903703072024472],[74.8748780275837,12.903703072024472],[74.8748780275837,12.90388085623108],[74.8748056079403,12.90388085623108],[74.8748056079403,12.903703072024472]]]}",buildup
80,"{""geodesic"":false,""type"":""Polygon"",""coordinates"":[[[74.83565654984594,12.92956426249211],[74.83575310937047,12.92956426249211],[74.83575310937047,12.929646609902488],[74.83565654984594,12.929646609902488],[74.83565654984594,12.92956426249211]]]}",barrenland
81,"{""geodesic"":false,""type"":""Polygon"",""coordinates"":[[[74.87091516439779,12.904476584722358],[74.871042569326,12.904476584722358],[74.871042569326,12.904581163359252],[74.87091516439779,12.904581163359252],[74.87091516439779,12.904476584722358]]]}",agriculture
82,"{""type"":""Point"",""coordinates"":[74.86086073783677,12.900424042805188]}",vegetation
83,"{""type"":""Point"",""coordinates"":[74.81309747387391,12.91863952964959]}",water
84,"{""geodesic"":false,""type"":""Polygon"",""coordinates"":[[[74.87337599053537,12.90344946786398],[74.87345913901483,12.90344946786398],[74.87345913901483,12.90355927588256],[74.87337599053537,12.90355927588256],[74.87337599053537,12.90344946786398]]]}",buildup
85,"{""geodesic"":false,""type"":""Polygon"",""coordinates"":[[[74.83602401248098,12.929710657869563],[74.83605619898916,12.929710657869563],[74.83605619898916,12.929747256700509],[74.83602401248098,12.929747256700509],[74.83602401248098,12.929710657869563]]]}",barrenland
86,"{""geodesic"":false,""type"":""Polygon"",""coordinates"":[[[74.8707555729614,12.904348475832547],[74.87084810917241,12.904348475832547],[74.87084810917241,12.904442596655944],[74.8707555729614,12.904442596655944],[74.8707555729614,12.904348475832547]]]}",agriculture
87,"{""type"":""Point"",""coordinates"":[74.86139717963975,12.89853636030765]}",vegetation
88,"{""type"":""Point"",""coordinates"":[74.82133721996767,12.878982404880228]}",water
89,"{""geodesic"":false,""type"":""Polygon"",""coordinates"":[[[74.8741216446415,12.903836410191278],[74.87419138207589,12.903836410191278],[74.87419138207589,12.904035110072648],[74.8741216446415,12.904035110072648],[74.8741216446415,12.903836410191278]]]}",buildup
90,"{""geodesic"":false,""type"":""Polygon"",""coordinates"":[[[74.83568873635411,12.929679287438773],[74.8357410394299,12.929679287438773],[74.8357410394299,12.929744642498486],[74.83568873635411,12.929744642498486],[74.83568873635411,12.929679287438773]]]}",barrenland
91,"{""geodesic"":false,""type"":""Polygon"",""coordinates"":[[[74.87094466869695,12.904294879236728],[74.87105598037107,12.904294879236728],[74.87105598037107,12.904387692846603],[74.87094466869695,12.904387692846603],[74.87094466869695,12.904294879236728]]]}",agriculture
92,"{""type"":""Point"",""coordinates"":[74.86729005828057,12.897650490199718]}",vegetation
93,"{""type"":""Point"",""coordinates"":[74.82356881786805,12.882329240439628]}",water
94,"{""type"":""Point"",""coordinates"":[74.87501750245248,12.904374991082689]}",buildup
95,"{""geodesic"":false,""type"":""Polygon"",""coordinates"":[[[74.83641561499715,12.929914565573638],[74.8364974223721,12.929914565573638],[74.8364974223721,12.929996912868436],[74.83641561499715,12.929996912868436],[74.83641561499715,12.929914565573638]]]}",barrenland
96,"{""geodesic"":false,""type"":""Polygon"",""coordinates"":[[[74.87139259760244,12.904296186470908],[74.87148915712697,12.904296186470908],[74.87148915712697,12.904403379650503],[74.87139259760244,12.904403379650503],[74.87139259760244,12.904296186470908]]]}",agriculture
97,"{""type"":""Point"",""coordinates"":[74.86807594552194,12.896667422050076]}",vegetation
98,"{""type"":""Point"",""coordinates"":[74.82511377026063,12.867602829683005]}",water
99,"{""type"":""Point"",""coordinates"":[74.87537691846047,12.904359304277005]}",buildup
100,"{""type"":""Point"",""coordinates"":[74.83562953327504,12.929876402570263]}",barrenland
101,"{""type"":""Point"",""coordinates"":[74.87092723433835,12.904429524321468]}",agriculture
102,"{""type"":""Point"",""coordinates"":[74.86994544520532,12.897493617881635]}",vegetation
103,"{""type"":""Point"",""coordinates"":[74.83026361156922,12.854047073689902]}",water
104,"{""type"":""Point"",""coordinates"":[74.87540910496867,12.904584148397733]}",buildup
105,"{""type"":""Point"",""coordinates"":[74.83549944613782,12.929748306704749]}",barrenland
106,"{""type"":""Point"",""coordinates"":[74.87134029452665,12.904301415407563]}",agriculture
107,"{""type"":""Point"",""coordinates"":[74.87372735991632,12.897781217056323]}",vegetation
108,"{""type"":""Point"",""coordinates"":[74.82871865917664,12.858063670316572]}",water
109,"{""type"":""Point"",""coordinates"":[74.87490216746484,12.904748859660211]}",buildup
110,"{""type"":""Point"",""coordinates"":[74.83561075781193,12.9296110610616]}",barrenland
111,"{""type"":""Point"",""coordinates"":[74.87108682577474,12.904455668989723]}",agriculture
112,"{""type"":""Point"",""coordinates"":[74.87251231923257,12.897323672759386]}",vegetation
113,"{""type"":""Point"",""coordinates"":[74.82683038403016,12.85956987748261]}",water
114,"{""type"":""Point"",""coordinates"":[74.8748056079403,12.90493187204683]}",buildup
115,"{""type"":""Point"",""coordinates"":[74.83567915414181,12.929846339260799]}",barrenland
116,"{""type"":""Point"",""coordinates"":[74.87089102451665,12.904326252855183]}",agriculture
117,"{""type"":""Point"",""coordinates"":[74.87199733510171,12.897247851052228]}",vegetation
118,"{""type"":""Point"",""coordinates"":[74.82751776185599,12.86346765739307]}",water
119,"{""type"":""Point"",""coordinates"":[74.87493971839105,12.90501553480753]}",buildup
120,"{""type"":""Point"",""coordinates"":[74.83602381800023,12.929791441034144]}",barrenland
121,"{""type"":""Point"",""coordinates"":[74.87139662091596,12.904434753255345]}",agriculture
122,"{""type"":""Point"",""coordinates"":[74.87240503087199,12.89812895016243]}",vegetation
123,"{""type"":""Point"",""coordinates"":[74.8245136877593,12.866563673417696]}",water
124,"{""type"":""Point"",""coordinates"":[74.8741565133587,12.904808992316294]}",buildup
125,"{""type"":""Point"",""coordinates"":[74.83639262173978,12.929980970574993]}",barrenland
126,"{""type"":""Point"",""coordinates"":[74.87068315331801,12.904192914949553]}",agriculture
127,"{""type"":""Point"",""coordinates"":[74.87344304576074,12.898557733176764]}",vegetation
128,"{""type"":""Point"",""coordinates"":[74.82524324861136,12.86664734899617]}",water
129,"{""type"":""Point"",""coordinates"":[74.87431476369058,12.904741016269217]}",buildup
130,"{""type"":""Point"",""coordinates"":[74.83641273830739,12.930225398115141]}",barrenland
131,"{""type"":""Point"",""coordinates"":[74.87081592266424,12.90423997539496]}",agriculture
132,"{""type"":""Point"",""coordinates"":[74.87329552426492,12.898895007104638]}",vegetation
133,"{""type"":""Point"",""coordinates"":[74.82571531739798,12.866647348996171]}",water
134,"{""type"":""Point"",""coordinates"":[74.87405190720712,12.904871739420274]}",buildup
135,"{""type"":""Point"",""coordinates"":[74.8363590941271,12.930226705213652]}",barrenland
136,"{""type"":""Point"",""coordinates"":[74.87124775831563,12.904191607714823]}",agriculture
137,"{""type"":""Point"",""coordinates"":[74.87270543828164,12.89871460482768]}",vegetation
138,"{""type"":""Point"",""coordinates"":[74.82661653962698,12.866228970824684]}",water
139,"{""type"":""Point"",""coordinates"":[74.8735261942402,12.905127956598134]}",buildup
140,"{""type"":""Point"",""coordinates"":[74.83631751988736,12.930252847182242]}",barrenland
141,"{""type"":""Point"",""coordinates"":[74.87107341472966,12.904226903049896]}",agriculture
142,"{""type"":""Point"",""coordinates"":[74.87415919556771,12.898267520363293]}",vegetation
143,"{""type"":""Point"",""coordinates"":[74.82691694703665,12.871960691059702]}",water
144,"{""type"":""Point"",""coordinates"":[74.87548688903009,12.905303125333967]}",buildup
145,"{""type"":""Point"",""coordinates"":[74.83653880213109,12.929980970574997]}",barrenland
146,"{""type"":""Point"",""coordinates"":[74.87138320987088,12.904232131987998]}",agriculture
147,"{""type"":""Point"",""coordinates"":[74.87408677592431,12.898633554486988]}",vegetation
148,"{""type"":""Point"",""coordinates"":[74.82880522218314,12.870956603548798]}",water
149,"{""type"":""Point"",""coordinates"":[74.87580875411187,12.905271751838052]}",buildup
150,"{""type"":""Point"",""coordinates"":[74.83649991010039,12.929860717365768]}",barrenland
151,"{""type"":""Point"",""coordinates"":[74.87062414471967,12.90433540349316]}",agriculture
152,"{""type"":""Point"",""coordinates"":[74.87368712678109,12.898764280829974]}",vegetation
153,"{""type"":""Point"",""coordinates"":[74.82897688356009,12.870036186465049]}",water
154,"{""type"":""Point"",""coordinates"":[74.87623254313623,12.90455800374291]}",buildup
155,"{""type"":""Point"",""coordinates"":[74.8368330235195,12.930517239303743]}",barrenland
156,"{""type"":""Point"",""coordinates"":[74.87067913000448,12.90430010817342]}",agriculture
157,"{""type"":""Point"",""coordinates"":[74.87342963471566,12.898871476380236]}",vegetation
158,"{""type"":""Point"",""coordinates"":[74.82962061372366,12.869157603370017]}",water
159,"{""type"":""Point"",""coordinates"":[74.87547347798501,12.904976317891931]}",buildup
160,"{""type"":""Point"",""coordinates"":[74.83390941569327,12.928938261161065]}",barrenland
161,"{""type"":""Point"",""coordinates"":[74.87073545639379,12.90413278214532]}",agriculture
162,"{""type"":""Point"",""coordinates"":[74.8728610064045,12.899143386838329]}",vegetation
163,"{""type"":""Point"",""coordinates"":[74.82962061372366,12.868069829559357]}",water
164,"{""type"":""Point"",""coordinates"":[74.87486998095666,12.905857389779156]}",buildup
165,"{""type"":""Point"",""coordinates"":[74.83372702548026,12.929288565121242]}",barrenland
166,"{""type"":""Point"",""coordinates"":[74.8709004122482,12.904191607714823]}",agriculture
167,"{""type"":""Point"",""coordinates"":[74.87334112181817,12.898369487065843]}",vegetation
168,"{""type"":""Point"",""coordinates"":[74.8300068518218,12.86702388875387]}",water
169,"{""type"":""Point"",""coordinates"":[74.87524280800973,12.905990726797285]}",buildup
170,"{""type"":""Point"",""coordinates"":[74.83381285616873,12.928938261161065]}",barrenland
171,"{""type"":""Point"",""coordinates"":[74.87138991539342,12.904168077488698]}",agriculture
172,"{""type"":""Point"",""coordinates"":[74.87638006463204,12.898053128699296]}",vegetation
173,"{""type"":""Point"",""coordinates"":[74.8300068518218,12.866563673417696]}",water
174,"{""type"":""Point"",""coordinates"":[74.87482706561242,12.906331362096108]}",buildup
175,"{""type"":""Point"",""coordinates"":[74.83405425498007,12.929147397912857]}",barrenland
176,"{""type"":""Point"",""coordinates"":[74.8715481657253,12.904314487748719]}",agriculture
177,"{""type"":""Point"",""coordinates"":[74.87586239829217,12.89838517424717]}",vegetation
178,"{""type"":""Point"",""coordinates"":[74.83030725923147,12.865475888357583]}",water
179,"{""type"":""Point"",""coordinates"":[74.87546543135797,12.906299988729234]}",buildup
180,"{""type"":""Point"",""coordinates"":[74.83398451754569,12.928865063256552]}",barrenland
181,"{""type"":""Point"",""coordinates"":[74.87059195821149,12.904224288580805]}",agriculture
182,"{""type"":""Point"",""coordinates"":[74.87589726700936,12.897940703728905]}",vegetation
183,"{""type"":""Point"",""coordinates"":[74.83030725923147,12.864639127409303]}",water
184,"{""type"":""Point"",""coordinates"":[74.87477073922311,12.906587577778367]}",buildup
185,"{""type"":""Point"",""coordinates"":[74.83399524638176,12.928781408482227]}",barrenland
186,"{""type"":""Point"",""coordinates"":[74.87076227848394,12.904311873280543]}",agriculture
187,"{""type"":""Point"",""coordinates"":[74.87614939465676,12.897760300763869]}",vegetation
188,"{""type"":""Point"",""coordinates"":[74.83030725923147,12.86338398075403]}",water
189,"{""type"":""Point"",""coordinates"":[74.87586239829217,12.906765359934218]}",buildup
190,"{""type"":""Point"",""coordinates"":[74.83761622855185,12.930349930834673]}",barrenland
191,"{""type"":""Point"",""coordinates"":[74.87065230791433,12.904100101267389]}",agriculture
192,"{""type"":""Point"",""coordinates"":[74.87667242541467,12.8974570143266]}",vegetation
193,"{""type"":""Point"",""coordinates"":[74.83069349732962,12.86254721282886]}",water
194,"{""type"":""Point"",""coordinates"":[74.876192310001,12.90685947984789]}",buildup
195,"{""type"":""Point"",""coordinates"":[74.83691885420798,12.927761863667117]}",barrenland
196,"{""type"":""Point"",""coordinates"":[74.87097819630964,12.90422298134624]}",agriculture
197,"{""type"":""Point"",""coordinates"":[74.87387219920312,12.898374716126396]}",vegetation
198,"{""type"":""Point"",""coordinates"":[74.8313372274932,12.860831829858753]}",water
199,"{""type"":""Point"",""coordinates"":[74.87653831496392,12.9067209144071]}",buildup
200,"{""type"":""Point"",""coordinates"":[74.83656480261801,12.923609844162845]}",barrenland
201,"{""type"":""Point"",""coordinates"":[74.87071399872167,12.904049119089299]}",agriculture
202,"{""type"":""Point"",""coordinates"":[74.87365762248193,12.89799037988484]}",vegetation
203,"{""type"":""Point"",""coordinates"":[74.8313372274932,12.859995053423201]}",water
204,"{""type"":""Point"",""coordinates"":[74.87647125973855,12.906367964352512]}",buildup
205,"{""type"":""Point"",""coordinates"":[74.83678474375724,12.923405931308816]}",barrenland
206,"{""geodesic"":false,""type"":""Polygon"",""coordinates"":[[[74.87034485428232,12.9050152307952],[74.87043873159784,12.9050152307952],[74.87043873159784,12.905125038126286],[74.87034485428232,12.905125038126286],[74.87034485428232,12.9050152307952]]]}",agriculture
207,"{""type"":""Point"",""coordinates"":[74.87382123723184,12.897953776402476]}",vegetation
208,"{""type"":""Point"",""coordinates"":[74.8313372274932,12.859032757073262]}",water
209,"{""type"":""Point"",""coordinates"":[74.87549493565713,12.906914383114515]}",buildup
210,"{""type"":""Point"",""coordinates"":[74.83696176955222,12.923662129483207]}",barrenland
211,"{""geodesic"":false,""type"":""Polygon"",""coordinates"":[[[74.87048969356913,12.905104122447886],[74.87059832303423,12.905104122447886],[74.87059832303423,12.905187785150966],[74.87048969356913,12.905187785150966],[74.87048969356913,12.905104122447886]]]}",agriculture
212,"{""type"":""Point"",""coordinates"":[74.87404117837106,12.897817820563942]}",vegetation
213,"{""type"":""Point"",""coordinates"":[74.831122650772,12.855894808563514]}",water
214,"{""type"":""Point"",""coordinates"":[74.87505505337869,12.907003274092052]}",buildup
215,"{""type"":""Point"",""coordinates"":[74.8378951782894,12.923484359349303]}",barrenland
216,"{""geodesic"":false,""type"":""Polygon"",""coordinates"":[[[74.87028316347498,12.905159026099941],[74.87038911073107,12.905159026099941],[74.87038911073107,12.905223080345433],[74.87028316347498,12.905223080345433],[74.87028316347498,12.905159026099941]]]}",agriculture
217,"{""type"":""Point"",""coordinates"":[74.87366030469094,12.897660948350769]}",vegetation
218,"{""type"":""Point"",""coordinates"":[74.8313372274932,12.857693903840286]}",water
219,"{""type"":""Point"",""coordinates"":[74.87318018927728,12.907476487293476]}",buildup
220,"{""type"":""Point"",""coordinates"":[74.83776375004767,12.923416388382309]}",barrenland
221,"{""geodesic"":false,""type"":""Polygon"",""coordinates"":[[[74.87045616595644,12.905221773116097],[74.87057954757113,12.905221773116097],[74.87057954757113,12.905277983971356],[74.87045616595644,12.905277983971356],[74.87045616595644,12.905221773116097]]]}",agriculture
222,"{""type"":""Point"",""coordinates"":[74.87702915921365,12.899488503532615]}",vegetation
223,"{""type"":""Point"",""coordinates"":[74.829320206314,12.85505801566972]}",water
224,"{""type"":""Point"",""coordinates"":[74.87498799815332,12.907403283099871]}",buildup
225,"{""type"":""Point"",""coordinates"":[74.83770474144934,12.923871270655164]}",barrenland
226,"{""geodesic"":false,""type"":""Polygon"",""coordinates"":[[[74.87049103467363,12.904978628340793],[74.87055943100351,12.904978628340793],[74.87055943100351,12.905046604323292],[74.87049103467363,12.905046604323292],[74.87049103467363,12.904978628340793]]]}",agriculture
227,"{""type"":""Point"",""coordinates"":[74.8764766241566,12.899106783524633]}",vegetation
228,"{""type"":""Point"",""coordinates"":[74.8287623068389,12.856857116943301]}",water
229,"{""type"":""Point"",""coordinates"":[74.87427184834634,12.90760459458068]}",buildup
230,"{""type"":""Point"",""coordinates"":[74.83773692795752,12.923824213906745]}",barrenland
231,"{""geodesic"":false,""type"":""Polygon"",""coordinates"":[[[74.87018258063692,12.905024381407975],[74.87026036469835,12.905024381407975],[74.87026036469835,12.905102815217928],[74.87018258063692,12.905102815217928],[74.87018258063692,12.905024381407975]]]}",agriculture
232,"{""type"":""Point"",""coordinates"":[74.87608233943139,12.89877212440838]}",vegetation
233,"{""type"":""Point"",""coordinates"":[74.829320206314,12.857484707377552]}",water
234,"{""type"":""Point"",""coordinates"":[74.873671033527,12.907489559468631]}",buildup
235,"{""type"":""Point"",""coordinates"":[74.83761891076087,12.923735328913315]}",barrenland
236,"{""geodesic"":false,""type"":""Polygon"",""coordinates"":[[[74.87093091695208,12.905191706839478],[74.87100333659548,12.905191706839478],[74.87100333659548,12.905287134574511],[74.87093091695208,12.905287134574511],[74.87093091695208,12.905191706839478]]]}",agriculture
237,"{""type"":""Point"",""coordinates"":[74.87625400080834,12.898623096376609]}",vegetation
238,"{""type"":""Point"",""coordinates"":[74.8276465078887,12.860246086646816]}",water
239,"{""type"":""Point"",""coordinates"":[74.87545202031289,12.908196282587147]}",buildup
240,"{""type"":""Point"",""coordinates"":[74.83785226294516,12.923685657873794]}",barrenland
241,"{""geodesic"":false,""type"":""Polygon"",""coordinates"":[[[74.87130776731867,12.905033532020404],[74.8714579710235,12.905033532020404],[74.8714579710235,12.905151182721808],[74.87130776731867,12.905151182721808],[74.87130776731867,12.905033532020404]]]}",agriculture
242,"{""type"":""Point"",""coordinates"":[74.87789014830743,12.898675386924173]}",vegetation
243,"{""type"":""Point"",""coordinates"":[74.82768942323294,12.85890723988604]}",water
244,"{""type"":""Point"",""coordinates"":[74.87473050608789,12.90814137960203]}",buildup
245,"{""type"":""Point"",""coordinates"":[74.83801051327704,12.923471288010939]}",barrenland
246,"{""geodesic"":false,""type"":""Polygon"",""coordinates"":[[[74.87053529112238,12.905365568302049],[74.8706640371551,12.905365568302049],[74.8706640371551,12.905463610426898],[74.87053529112238,12.905463610426898],[74.87053529112238,12.905365568302049]]]}",agriculture
247,"{""type"":""Point"",""coordinates"":[74.87767288937722,12.899315945244973]}",vegetation
248,"{""type"":""Point"",""coordinates"":[74.82846189942923,12.860329764332217]}",water
249,"{""type"":""Point"",""coordinates"":[74.87683604016458,12.908687794488182]}",buildup
250,"{""type"":""Point"",""coordinates"":[74.83787372061728,12.923400702771907]}",barrenland
251,"{""geodesic"":false,""type"":""Polygon"",""coordinates"":[[[74.87109989612001,12.90550674894964],[74.87122730104822,12.90550674894964],[74.87122730104822,12.905578646471028],[74.87109989612001,12.905578646471028],[74.87109989612001,12.90550674894964]]]}",agriculture
252,"{""type"":""Point"",""coordinates"":[74.87778822436486,12.899213978928163]}",vegetation
253,"{""type"":""Point"",""coordinates"":[74.82850481477347,12.861961473620898]}",water
254,"{""type"":""Point"",""coordinates"":[74.87610916152154,12.908865575150585]}",buildup
255,"{""type"":""Point"",""coordinates"":[74.83776106783866,12.923568015898672]}",barrenland
256,"{""geodesic"":false,""type"":""Polygon"",""coordinates"":[[[74.87134129493136,12.905302821321973],[74.87155050723452,12.905302821321973],[74.87155050723452,12.905434851407591],[74.87134129493136,12.905434851407591],[74.87134129493136,12.905302821321973]]]}",agriculture
257,"{""type"":""Point"",""coordinates"":[74.87806717410241,12.899300258122027]}",vegetation
258,"{""type"":""Point"",""coordinates"":[74.82953478303519,12.862672728195532]}",water
259,"{""type"":""Point"",""coordinates"":[74.8767850781933,12.908277329828858]}",buildup
260,"{""type"":""Point"",""coordinates"":[74.83891978213309,12.923894799026058]}",barrenland
261,"{""geodesic"":false,""type"":""Polygon"",""coordinates"":[[[74.87060234634775,12.905498905582423],[74.87073913900751,12.905498905582423],[74.87073913900751,12.905596947654983],[74.87060234634775,12.905596947654983],[74.87060234634775,12.905498905582423]]]}",agriculture
262,"{""type"":""Point"",""coordinates"":[74.87776944890176,12.898544660534762]}",vegetation
263,"{""type"":""Point"",""coordinates"":[74.82635904756155,12.861877796479574]}",water
264,"{""type"":""Point"",""coordinates"":[74.87748245253717,12.909524408267599]}",buildup
265,"{""type"":""Point"",""coordinates"":[74.83916386315344,12.923947084286741]}",barrenland
266,"{""geodesic"":false,""type"":""Polygon"",""coordinates"":[[[74.87125009982485,12.905484526075213],[74.871546483921,12.905484526075213],[74.871546483921,12.905659694561246],[74.87125009982485,12.905659694561246],[74.87125009982485,12.905484526075213]]]}",agriculture
267,"{""type"":""Point"",""coordinates"":[74.87822542443429,12.898667543342738]}",vegetation
268,"{""type"":""Point"",""coordinates"":[74.82691694703665,12.862923758740514]}",water
269,"{""type"":""Point"",""coordinates"":[74.87706939234887,12.9088054434701]}",buildup
270,"{""type"":""Point"",""coordinates"":[74.83903511712073,12.923881727709167]}",barrenland
271,"{""geodesic"":false,""type"":""Polygon"",""coordinates"":[[[74.87093091695208,12.905345959872475],[74.87116158692736,12.905345959872475],[74.87116158692736,12.905460995970737],[74.87093091695208,12.905460995970737],[74.87093091695208,12.905345959872475]]]}",agriculture
272,"{""type"":""Point"",""coordinates"":[74.877273240234,12.899394380845036]}",vegetation
273,"{""type"":""Point"",""coordinates"":[74.82756067720022,12.861877796479575]}",water
274,"{""type"":""Point"",""coordinates"":[74.87264642968331,12.90960545507873]}",buildup
275,"{""type"":""Point"",""coordinates"":[74.83901634165763,12.924020283633318]}",barrenland
276,"{""geodesic"":false,""type"":""Polygon"",""coordinates"":[[[74.87052858559984,12.905479297163291],[74.8705741831531,12.905479297163291],[74.8705741831531,12.905527664594365],[74.87052858559984,12.905527664594365],[74.87052858559984,12.905479297163291]]]}",agriculture
277,"{""type"":""Point"",""coordinates"":[74.87675289168511,12.899436213154996]}",vegetation
278,"{""type"":""Point"",""coordinates"":[74.82296873536673,12.870203535277014]}",water
279,"{""type"":""Point"",""coordinates"":[74.87276712908898,12.909550552403092]}",buildup
280,"{""type"":""Point"",""coordinates"":[74.83886345574378,12.92377715714946]}",barrenland
281,"{""geodesic"":false,""type"":""Polygon"",""coordinates"":[[[74.84874858918037,12.933392156700473],[74.84932794632759,12.933392156700473],[74.84932794632759,12.934082294998108],[74.84874858918037,12.934082294998108],[74.84874858918037,12.933392156700473]]]}",agriculture
282,"{""type"":""Point"",""coordinates"":[74.87656513705407,12.89938653728613]}",vegetation
283,"{""type"":""Point"",""coordinates"":[74.82322622743216,12.868446367181567]}",water
284,"{""type"":""Point"",""coordinates"":[74.87296024813806,12.909006753821817]}",buildup
285,"{""type"":""Point"",""coordinates"":[74.83881785819052,12.9235523302978]}",barrenland
286,"{""geodesic"":false,""type"":""Polygon"",""coordinates"":[[[74.84517588677254,12.933026173495291],[74.84556212487068,12.933026173495291],[74.84556212487068,12.933622203011797],[74.84517588677254,12.933622203011797],[74.84517588677254,12.933026173495291]]]}",agriculture
287,"{""type"":""Point"",""coordinates"":[74.87658123030816,12.899559095525081]}",vegetation
288,"{""type"":""Point"",""coordinates"":[74.82335497346487,12.867525940884827]}",water
289,"{""type"":""Point"",""coordinates"":[74.86998031392251,12.90774137177511]}",buildup
290,"{""type"":""Point"",""coordinates"":[74.83889296004294,12.923199404017709]}",barrenland
291,"{""geodesic"":false,""type"":""Polygon"",""coordinates"":[[[74.8474396711811,12.933130740180118],[74.84781518044319,12.933130740180118],[74.84781518044319,12.933402613355595],[74.8474396711811,12.933402613355595],[74.8474396711811,12.933130740180118]]]}",agriculture
292,"{""type"":""Point"",""coordinates"":[74.87623522534524,12.899396995364615]}",vegetation
293,"{""type"":""Point"",""coordinates"":[74.82588697877493,12.87049639542922]}",water
294,"{""type"":""Point"",""coordinates"":[74.87026999249612,12.907882551081231]}",buildup
295,"{""type"":""Point"",""coordinates"":[74.83877494284629,12.92382159964269]}",barrenland
296,"{""geodesic"":false,""type"":""Polygon"",""coordinates"":[[[74.84800561728325,12.932989575145246],[74.84816118540611,12.932989575145246],[74.84816118540611,12.933169952675636],[74.84800561728325,12.933169952675636],[74.84800561728325,12.932989575145246]]]}",agriculture
297,"{""type"":""Point"",""coordinates"":[74.87575779214059,12.898672772397058]}",vegetation
298,"{""type"":""Point"",""coordinates"":[74.82464243379202,12.872128038587256]}",water
299,"{""type"":""Point"",""coordinates"":[74.86934194817697,12.907960983994611]}",buildup
300,"{""type"":""Point"",""coordinates"":[74.83908607909201,12.924009826585118]}",barrenland
301,"{""geodesic"":false,""type"":""Polygon"",""coordinates"":[[[74.84682812752571,12.932351717325286],[74.84710171284523,12.932351717325286],[74.84710171284523,12.932691559809355],[74.84682812752571,12.932691559809355],[74.84682812752571,12.932351717325286]]]}",agriculture
302,"{""type"":""Point"",""coordinates"":[74.87797061457788,12.898594336570786]}",vegetation
303,"{""type"":""Point"",""coordinates"":[74.8215635273373,12.898815845936156]}",water
304,"{""type"":""Point"",""coordinates"":[74.8710773374096,12.907304761194297]}",buildup
305,"{""type"":""Point"",""coordinates"":[74.839263104887,12.924030740681076]}",barrenland
306,"{""geodesic"":false,""type"":""Polygon"",""coordinates"":[[[74.8503203636631,12.933292818455037],[74.85069050850716,12.933292818455037],[74.85069050850716,12.93358037642556],[74.8503203636631,12.93358037642556],[74.8503203636631,12.933292818455037]]]}",agriculture
307,"{""type"":""Point"",""coordinates"":[74.87774530902064,12.898460995609684]}",vegetation
308,"{""type"":""Point"",""coordinates"":[74.81663129348293,12.893381572995827]}",water
309,"{""type"":""Point"",""coordinates"":[74.87117389693414,12.9072550868883]}",buildup
310,"{""geodesic"":false,""type"":""Polygon"",""coordinates"":[[[74.84298507163147,12.92311418022456],[74.84309638330559,12.92311418022456],[74.84309638330559,12.923156008564748],[74.84298507163147,12.923156008564748],[74.84298507163147,12.92311418022456]]]}",barrenland
311,"{""geodesic"":false,""type"":""Polygon"",""coordinates"":[[[74.84958007397499,12.933522864857961],[74.85019698204842,12.933522864857961],[74.85019698204842,12.933982957027471],[74.84958007397499,12.933982957027471],[74.84958007397499,12.933522864857961]]]}",agriculture
312,"{""type"":""Point"",""coordinates"":[74.87854460730706,12.900029708299096]}",vegetation
313,"{""type"":""Point"",""coordinates"":[74.81306931991115,12.89218932057526]}",water
314,"{""type"":""Point"",""coordinates"":[74.87087080731546,12.90718972594431]}",buildup
315,"{""geodesic"":false,""type"":""Polygon"",""coordinates"":[[[74.84310845324616,12.923170387055084],[74.84321976492028,12.923170387055084],[74.84321976492028,12.923277572138675],[74.84310845324616,12.923277572138675],[74.84310845324616,12.923170387055084]]]}",barrenland
316,"{""geodesic"":false,""type"":""Polygon"",""coordinates"":[[[74.84895780148354,12.93275952825067],[74.84934403958168,12.93275952825067],[74.84934403958168,12.932952976789883],[74.84895780148354,12.932952976789883],[74.84895780148354,12.93275952825067]]]}",agriculture
317,"{""type"":""Point"",""coordinates"":[74.87812618270074,12.900149975865958]}",vegetation
318,"{""type"":""Point"",""coordinates"":[74.82139489669338,12.893548906214448]}",water
319,"{""type"":""Point"",""coordinates"":[74.871868589069,12.907615878991647]}",buildup
320,"{""geodesic"":false,""type"":""Polygon"",""coordinates"":[[[74.84330425450425,12.923010916479685],[74.84337667414765,12.923010916479685],[74.84337667414765,12.92309718745934],[74.84330425450425,12.92309718745934],[74.84330425450425,12.923010916479685]]]}",barrenland
321,"{""geodesic"":false,""type"":""Polygon"",""coordinates"":[[[74.84464480938759,12.932796126634457],[74.84479501309242,12.932796126634457],[74.84479501309242,12.932994803481346],[74.84464480938759,12.932994803481346],[74.84464480938759,12.932796126634457]]]}",agriculture
322,"{""type"":""Point"",""coordinates"":[74.87817982688104,12.90024932729063]}",vegetation
323,"{""type"":""Point"",""coordinates"":[74.8226608993484,12.896623634191466]}",water
324,"{""type"":""Point"",""coordinates"":[74.87204025044595,12.908146608458274]}",buildup
325,"{""geodesic"":false,""type"":""Polygon"",""coordinates"":[[[74.84330425450425,12.923170387055084],[74.84337130972962,12.923170387055084],[74.84337130972962,12.923277572138675],[74.84330425450425,12.923277572138675],[74.84330425450425,12.923170387055084]]]}",barrenland
326,"{""geodesic"":false,""type"":""Polygon"",""coordinates"":[[[74.84577133717384,12.932916378429102],[74.84596445622292,12.932916378429102],[74.84596445622292,12.933047086835806],[74.84577133717384,12.933047086835806],[74.84577133717384,12.932916378429102]]]}",agriculture
327,"{""type"":""Point"",""coordinates"":[74.87818519129907,12.899893753588637]}",vegetation
328,"{""type"":""Point"",""coordinates"":[74.82203862685695,12.896079807503261]}",water
329,"{""type"":""Point"",""coordinates"":[74.8712221766964,12.907780588257035]}",buildup
330,"{""geodesic"":false,""type"":""Polygon"",""coordinates"":[[[74.84375620672326,12.923093266051824],[74.84380448648552,12.923093266051824],[74.84380448648552,12.923180844138425],[74.84375620672326,12.923180844138425],[74.84375620672326,12.923093266051824]]]}",barrenland
331,"{""geodesic"":false,""type"":""Polygon"",""coordinates"":[[[74.84543337883797,12.932503339413858],[74.84568014206734,12.932503339413858],[74.84568014206734,12.93273338654467],[74.84543337883797,12.93273338654467],[74.84543337883797,12.932503339413858]]]}",agriculture
332,"{""type"":""Point"",""coordinates"":[74.87848559870874,12.899587855220004]}",vegetation
333,"{""type"":""Point"",""coordinates"":[74.8228754760696,12.893569822858899]}",water
334,"{""type"":""Point"",""coordinates"":[74.87154218421372,12.907236388043241]}",buildup
335,"{""geodesic"":false,""type"":""Polygon"",""coordinates"":[[[74.8436381895266,12.923159929971284],[74.84368646928887,12.923159929971284],[74.84368646928887,12.923208293980142],[74.8436381895266,12.923208293980142],[74.8436381895266,12.923159929971284]]]}",barrenland
336,"{""geodesic"":false,""type"":""Polygon"",""coordinates"":[[[74.84561040463295,12.93355423480556],[74.84579279484596,12.93355423480556],[74.84579279484596,12.933763367688767],[74.84561040463295,12.933763367688767],[74.84561040463295,12.93355423480556]]]}",agriculture
337,"{""type"":""Point"",""coordinates"":[74.87884769692575,12.900288544947413]}",vegetation
338,"{""type"":""Point"",""coordinates"":[74.82163093108669,12.892147487053874]}",water
339,"{""type"":""Point"",""coordinates"":[74.87001868949326,12.907103051689402]}",buildup
340,"{""type"":""Point"",""coordinates"":[74.84334046432595,12.922914188376156]}",barrenland
341,"{""type"":""Point"",""coordinates"":[74.84625949921455,12.933240535152061]}",agriculture
342,"{""type"":""Point"",""coordinates"":[74.87893084540521,12.89987022295819]}",vegetation
343,"{""type"":""Point"",""coordinates"":[74.81980702895656,12.899426414533595]}",water
344,"{""type"":""Point"",""coordinates"":[74.8693588660756,12.906938341977659]}",buildup
345,"{""type"":""Point"",""coordinates"":[74.84376961776833,12.923022680705953]}",barrenland
346,"{""type"":""Point"",""coordinates"":[74.8464848047718,12.933277133465301]}",agriculture
347,"{""type"":""Point"",""coordinates"":[74.87912128224526,12.899977418034585]}",vegetation
348,"{""type"":""Point"",""coordinates"":[74.82160947341458,12.9021036679264]}",water
349,"{""type"":""Point"",""coordinates"":[74.86951443419848,12.906805005464879]}",buildup
350,"{""type"":""Point"",""coordinates"":[74.84387556502442,12.923308943373957]}",barrenland
351,"{""type"":""Point"",""coordinates"":[74.84731092514839,12.933324188431568]}",agriculture
352,"{""type"":""Point"",""coordinates"":[74.87772921576654,12.899904211645916]}",vegetation
353,"{""type"":""Point"",""coordinates"":[74.81800458449855,12.901643517038739]}",water
354,"{""type"":""Point"",""coordinates"":[74.87127664552125,12.907641625544905]}",buildup
355,"{""type"":""Point"",""coordinates"":[74.8438366729937,12.923301100565508]}",barrenland
356,"{""type"":""Point"",""coordinates"":[74.8468978649601,12.93340261335562]}",agriculture
357,"{""type"":""Point"",""coordinates"":[74.8773805285946,12.900186579027013]}",vegetation
358,"{""type"":""Point"",""coordinates"":[74.81500051040187,12.910051595098048]}",water
359,"{""type"":""Point"",""coordinates"":[74.87056854234132,12.906543561115779]}",buildup
360,"{""type"":""Point"",""coordinates"":[74.84393055030922,12.923284107813013]}",barrenland
361,"{""type"":""Point"",""coordinates"":[74.84509542050209,12.933711084484402]}",agriculture
362,"{""type"":""Point"",""coordinates"":[74.87753341450845,12.90028331592687]}",vegetation
363,"{""type"":""Point"",""coordinates"":[74.81733939666286,12.910281662911311]}",water
364,"{""type"":""Point"",""coordinates"":[74.87047466502578,12.906049430549345]}",buildup
365,"{""type"":""Point"",""coordinates"":[74.84353358337502,12.923339007470721]}",barrenland
366,"{""type"":""Point"",""coordinates"":[74.84504177632179,12.933460124950932]}",agriculture
367,"{""type"":""Point"",""coordinates"":[74.87709889664804,12.900178735492958]}",vegetation
368,"{""type"":""Point"",""coordinates"":[74.81725356597438,12.908922168216227]}",water
369,"{""type"":""Point"",""coordinates"":[74.86999991403016,12.905968382585446]}",buildup
370,"{""type"":""Point"",""coordinates"":[74.84229574391465,12.922773017563197]}",barrenland
371,"{""type"":""Point"",""coordinates"":[74.84938159050789,12.93453715783235]}",agriculture
372,"{""type"":""Point"",""coordinates"":[74.87680117144738,12.900194422560828]}",vegetation
373,"{""type"":""Point"",""coordinates"":[74.81742522735134,12.90695611665735]}",water
374,"{""type"":""Point"",""coordinates"":[74.86949565873536,12.906574934452093]}",buildup
375,"{""type"":""Point"",""coordinates"":[74.84234938809495,12.922859288625052]}",barrenland
376,"{""type"":""Point"",""coordinates"":[74.84919383587685,12.93488222563611]}",agriculture
377,"{""type"":""Point"",""coordinates"":[74.87692723527108,12.899446671231393]}",vegetation
378,"{""type"":""Point"",""coordinates"":[74.81785438079372,12.90534561609553]}",water
379,"{""geodesic"":false,""type"":""Polygon"",""coordinates"":[[[74.86956271396073,12.906512187775506],[74.86963245139512,12.906512187775506],[74.86963245139512,12.906655982219382],[74.86956271396073,12.906655982219382],[74.86956271396073,12.906512187775506]]]}",buildup
380,"{""type"":""Point"",""coordinates"":[74.84238425681214,12.922724653470029]}",barrenland
381,"{""type"":""Point"",""coordinates"":[74.84942987027016,12.934756746489963]}",agriculture
382,"{""type"":""Point"",""coordinates"":[74.8789469386593,12.900453259038747]}",vegetation
383,"{""type"":""Point"",""coordinates"":[74.81684587020412,12.90432074670103]}",water
384,"{""geodesic"":false,""type"":""Polygon"",""coordinates"":[[[74.86975315080079,12.906355321015127],[74.86990871892365,12.906355321015127],[74.86990871892365,12.906410224392447],[74.86975315080079,12.906410224392447],[74.86975315080079,12.906355321015127]]]}",buildup
385,"{""type"":""Point"",""coordinates"":[74.84239900896172,12.922790010350464]}",barrenland
386,"{""type"":""Point"",""coordinates"":[74.84967663349953,12.934688778592786]}",agriculture
387,"{""type"":""Point"",""coordinates"":[74.87796256795083,12.900393125335444]}",vegetation
388,"{""type"":""Point"",""coordinates"":[74.81856248397365,12.903505031323979]}",water
389,"{""geodesic"":false,""type"":""Polygon"",""coordinates"":[[[74.87009379134568,12.906086032847005],[74.87022790179643,12.906086032847005],[74.87022790179643,12.90614355073251],[74.87009379134568,12.90614355073251],[74.87009379134568,12.906086032847005]]]}",buildup
390,"{""type"":""Point"",""coordinates"":[74.84261895010094,12.923579520114624]}",barrenland
391,"{""type"":""Point"",""coordinates"":[74.84962835373726,12.934364623751492]}",agriculture
392,"{""type"":""Point"",""coordinates"":[74.87855265393411,12.900662419633335]}",vegetation
393,"{""type"":""Point"",""coordinates"":[74.82296130675807,12.906098578688328]}",water
394,"{""geodesic"":false,""type"":""Polygon"",""coordinates"":[[[74.86867222056779,12.906310875415134],[74.86884388194474,12.906310875415134],[74.86884388194474,12.90639192326802],[74.86867222056779,12.90639192326802],[74.86867222056779,12.906310875415134]]]}",buildup
395,"{""type"":""Point"",""coordinates"":[74.84326268026452,12.923851403693961]}",barrenland
396,"{""type"":""Point"",""coordinates"":[74.85025062622871,12.934139806436779]}",agriculture
397,"{""type"":""Point"",""coordinates"":[74.8784802342907,12.900678106670876]}",vegetation
398,"{""type"":""Point"",""coordinates"":[74.82491395492092,12.909549628225015]}",water
399,"{""type"":""Point"",""coordinates"":[74.86881169543656,12.906606307784491]}",buildup
400,"{""type"":""Point"",""coordinates"":[74.84267795869927,12.923535077578302]}",barrenland
401,"{""type"":""Point"",""coordinates"":[74.84641506733742,12.934317568981443]}",agriculture
402,"{""type"":""Point"",""coordinates"":[74.87874309077417,12.900751312833066]}",vegetation
403,"{""type"":""Point"",""coordinates"":[74.82339046020046,12.909591458836253]}",water
404,"{""type"":""Point"",""coordinates"":[74.87472465616494,12.906329988294887]}",buildup
405,"{""type"":""Point"",""coordinates"":[74.84318221399407,12.923676247960426]}",barrenland
406,"{""type"":""Point"",""coordinates"":[74.8461200243458,12.934688778592784]}",agriculture
407,"{""type"":""Point"",""coordinates"":[74.8788208748356,12.900981389203341]}",vegetation
408,"{""type"":""Point"",""coordinates"":[74.82389471549526,12.910213688352147]}",water
409,"{""type"":""Point"",""coordinates"":[74.87375906091958,12.905603170947199]}",buildup
410,"{""type"":""Point"",""coordinates"":[74.84260285684685,12.923816111130666]}",barrenland
411,"{""type"":""Point"",""coordinates"":[74.84394743504372,12.93465740878784]}",agriculture
412,"{""type"":""Point"",""coordinates"":[74.87803766980325,12.900989232712249]}",vegetation
413,"{""type"":""Point"",""coordinates"":[74.8248388530685,12.910982322674498]}",water
414,"{""type"":""Point"",""coordinates"":[74.86979475599557,12.906471168397953]}",buildup
415,"{""type"":""Point"",""coordinates"":[74.84302932808022,12.923833103846954]}",barrenland
416,"{""type"":""Point"",""coordinates"":[74.84568014206734,12.934009098602537]}",agriculture
417,"{""type"":""Point"",""coordinates"":[74.87889061226998,12.901195778357929]}",vegetation
418,"{""type"":""Point"",""coordinates"":[74.82490859050289,12.911656836561129]}",water
419,"{""type"":""Point"",""coordinates"":[74.8671876488331,12.90782544755876]}",buildup
420,"{""type"":""Point"",""coordinates"":[74.8423400003634,12.924044859137442]}",barrenland
421,"{""type"":""Point"",""coordinates"":[74.84916164936868,12.934207774483516]}",agriculture
422,"{""type"":""Point"",""coordinates"":[74.87937609210168,12.900952629668643]}",vegetation
423,"{""type"":""Point"",""coordinates"":[74.82524654883876,12.91100846665751]}",water
424,"{""type"":""Point"",""coordinates"":[74.86669412237435,12.90825944280336]}",buildup
425,"{""type"":""Point"",""coordinates"":[74.84207848498444,12.923843560902538]}",barrenland
426,"{""type"":""Point"",""coordinates"":[74.84978928627815,12.934165947995407]}",agriculture
427,"{""type"":""Point"",""coordinates"":[74.87749586358224,12.900978774700338]}",vegetation
428,"{""type"":""Point"",""coordinates"":[74.82480130214229,12.910647679450525]}",water
429,"{""type"":""Point"",""coordinates"":[74.86996641737252,12.90845813916995]}",buildup
430,"{""type"":""Point"",""coordinates"":[74.84238828012566,12.924174265059907]}",barrenland
431,"{""type"":""Point"",""coordinates"":[74.85029354157295,12.934014326917222]}",agriculture
432,"{""type"":""Point"",""coordinates"":[74.87751463904534,12.900610129501073]}",vegetation
433,"{""type"":""Point"",""coordinates"":[74.82304713744655,12.911045068229114]}",water
434,"{""type"":""Point"",""coordinates"":[74.8721765576008,12.908698666139255]}",buildup
435,"{""type"":""Point"",""coordinates"":[74.84507035334019,12.925250026804909]}",barrenland
436,"{""type"":""Point"",""coordinates"":[74.85012051016707,12.933282395416619]}",agriculture
437,"{""type"":""Point"",""coordinates"":[74.87659195914422,12.900897725093182]}",vegetation
438,"{""type"":""Point"",""coordinates"":[74.8229291202499,12.9108986619105]}",water
439,"{""type"":""Point"",""coordinates"":[74.86927440744668,12.908672521914674]}",buildup
440,"{""type"":""Point"",""coordinates"":[74.84531443436055,12.92537420360714]}",barrenland
441,"{""type"":""Point"",""coordinates"":[74.84380659014602,12.937308177009525]}",agriculture
442,"{""type"":""Point"",""coordinates"":[74.87660000577127,12.900557839357898]}",vegetation
443,"{""type"":""Point"",""coordinates"":[74.82314369697109,12.910616306625307]}",water
444,"{""geodesic"":false,""type"":""Polygon"",""coordinates"":[[[74.8682323692444,12.908242449027842],[74.86850863677293,12.908242449027842],[74.86850863677293,12.908349640515672],[74.8682323692444,12.908349640515672],[74.8682323692444,12.908242449027842]]]}",buildup
445,"{""type"":""Point"",""coordinates"":[74.8451628895512,12.925396424712597]}",barrenland
446,"{""type"":""Point"",""coordinates"":[74.84339889437575,12.938040130318642]}",agriculture
447,"{""type"":""Point"",""coordinates"":[74.87630764498864,12.90060228598029]}",vegetation
448,"{""geodesic"":false,""type"":""Polygon"",""coordinates"":[[[74.82472620028987,12.909764010033689],[74.8250373365356,12.909764010033689],[74.8250373365356,12.910475128863105],[74.82472620028987,12.910475128863105],[74.82472620028987,12.909764010033689]]]}",water
449,"{""geodesic"":false,""type"":""Polygon"",""coordinates"":[[[74.86878892761499,12.908582324318873],[74.86885732394487,12.908582324318873],[74.86885732394487,12.908727424783143],[74.86878892761499,12.908727424783143],[74.86878892761499,12.908582324318873]]]}",buildup
450,"{""type"":""Point"",""coordinates"":[74.84522994477658,12.925278783543552]}",barrenland
451,"{""type"":""Point"",""coordinates"":[74.84616693407912,12.937015395084419]}",agriculture
452,"{""type"":""Point"",""coordinates"":[74.87638274684106,12.9009709311911]}",vegetation
453,"{""geodesic"":false,""type"":""Polygon"",""coordinates"":[[[74.82038567979342,12.916174821530324],[74.82094357926852,12.916174821530324],[74.82094357926852,12.918663664729204],[74.82038567979342,12.918663664729204],[74.82038567979342,12.916174821530324]]]}",water
454,"{""geodesic"":false,""type"":""Polygon"",""coordinates"":[[[74.86947825533181,12.908792785325126],[74.86953458172113,12.908792785325126],[74.86953458172113,12.908992788477489],[74.86947825533181,12.908992788477489],[74.86947825533181,12.908792785325126]]]}",buildup
455,"{""type"":""Point"",""coordinates"":[74.84522860367208,12.925337604135008]}",barrenland
456,"{""type"":""Point"",""coordinates"":[74.84678920657058,12.937370915948746]}",agriculture
457,"{""type"":""Point"",""coordinates"":[74.8758865381733,12.900756541843837]}",vegetation
458,"{""geodesic"":false,""type"":""Polygon"",""coordinates"":[[[74.81811116654879,12.91376961336916],[74.8187978120566,12.91376961336916],[74.8187978120566,12.91550554854081],[74.81811116654879,12.91550554854081],[74.81811116654879,12.91376961336916]]]}",water
459,"{""geodesic"":false,""type"":""Polygon"",""coordinates"":[[[74.8693320749405,12.908922199147884],[74.86943668109208,12.908922199147884],[74.86943668109208,12.908986252429312],[74.8693320749405,12.908986252429312],[74.8693320749405,12.908922199147884]]]}",buildup
460,"{""type"":""Point"",""coordinates"":[74.84540428836254,12.925265712299115]}",barrenland
461,"{""type"":""Point"",""coordinates"":[74.84801229388137,12.937538219709559]}",agriculture
462,"{""type"":""Point"",""coordinates"":[74.87613598361169,12.900884652573444]}",vegetation
463,"{""geodesic"":false,""type"":""Polygon"",""coordinates"":[[[74.8221666665793,12.917847996160269],[74.8232824655295,12.917847996160269],[74.8232824655295,12.919040126247316],[74.8221666665793,12.919040126247316],[74.8221666665793,12.917847996160269]]]}",water
464,"{""geodesic"":false,""type"":""Polygon"",""coordinates"":[[[74.86886671167642,12.908922199147897],[74.86891365033418,12.908922199147897],[74.86891365033418,12.908970565912924],[74.86886671167642,12.908970565912924],[74.86886671167642,12.908922199147897]]]}",buildup
465,"{""type"":""Point"",""coordinates"":[74.84528493006138,12.925212120189814]}",barrenland
466,"{""type"":""Point"",""coordinates"":[74.84492238909621,12.937600958590934]}",agriculture
467,"{""type"":""Point"",""coordinates"":[74.87601528420602,12.900387896317076]}",vegetation
468,"{""geodesic"":false,""type"":""Polygon"",""coordinates"":[[[74.81255362946993,12.916593116238358],[74.81433461625582,12.916593116238358],[74.81433461625582,12.917743423074196],[74.81255362946993,12.917743423074196],[74.81255362946993,12.916593116238358]]]}",water
469,"{""type"":""Point"",""coordinates"":[74.86920064669877,12.908787556482466]}",buildup
470,"{""type"":""Point"",""coordinates"":[74.84526213128476,12.925136306942369]}",barrenland
471,"{""type"":""Point"",""coordinates"":[74.84374221712966,12.937099047098078]}",agriculture
472,"{""type"":""Point"",""coordinates"":[74.8760474707142,12.902672966928092]}",vegetation
473,"{""geodesic"":false,""type"":""Polygon"",""coordinates"":[[[74.81656621415621,12.911699024321903],[74.8176820131064,12.911699024321903],[74.8176820131064,12.913455888858698],[74.81656621415621,12.913455888858698],[74.81656621415621,12.911699024321903]]]}",water
474,"{""type"":""Point"",""coordinates"":[74.86939644795686,12.908630691149725]}",buildup
475,"{""type"":""Point"",""coordinates"":[74.84513472635655,12.925302311781792]}",barrenland
476,"{""type"":""Point"",""coordinates"":[74.84303411394973,12.937893739828668]}",agriculture
477,"{""type"":""Point"",""coordinates"":[74.87525353684579,12.903253381996588]}",vegetation
478,"{""type"":""Point"",""coordinates"":[74.85270093400484,12.950347188570388]}",water
479,"{""type"":""Point"",""coordinates"":[74.86963248235017,12.90863461278424]}",buildup
480,"{""type"":""Point"",""coordinates"":[74.84515752513317,12.92523041993575]}",barrenland
481,"{""type"":""Point"",""coordinates"":[74.87497726931726,12.903925302262978]}",vegetation
482,"{""type"":""Point"",""coordinates"":[74.85853742082125,12.94666666900289]}",water
483,"{""type"":""Point"",""coordinates"":[74.86899411660463,12.908671214703444]}",buildup
484,"{""type"":""Point"",""coordinates"":[74.84537210185437,12.92534675400354]}",barrenland
485,"{""type"":""Point"",""coordinates"":[74.87390975012933,12.903629866726197]}",vegetation
486,"{""type"":""Point"",""coordinates"":[74.84325955827242,12.947670452457674]}",water
487,"{""type"":""Point"",""coordinates"":[74.86894717794686,12.909205863555234]}",buildup
488,"{""type"":""Point"",""coordinates"":[74.84527822453884,12.925446095411784]}",barrenland
489,"{""type"":""Point"",""coordinates"":[74.87434695019876,12.903888699649047]}",vegetation
490,"{""type"":""Point"",""coordinates"":[74.85982012273233,12.919077131254662]}",water
491,"{""type"":""Point"",""coordinates"":[74.86881709080964,12.909208477972241]}",buildup
492,"{""type"":""Point"",""coordinates"":[74.84548475463299,12.925383353474325]}",barrenland
493,"{""type"":""Point"",""coordinates"":[74.87450788273965,12.904024652188086]}",vegetation
494,"{""type"":""Point"",""coordinates"":[74.81956552983682,12.890046105794783]}",water
495,"{""type"":""Point"",""coordinates"":[74.8686467705372,12.909216321223072]}",buildup
496,"{""type"":""Point"",""coordinates"":[74.84557326753048,12.925359825243723]}",barrenland
497,"{""type"":""Point"",""coordinates"":[74.87464467539941,12.903718758871321]}",vegetation
