Red,Green,Blue,NIR,SWIR1,Class
200,179,111,28,57,0
144,136,90,65,59,0
110,117,83,58,55,0
123,85,86,79,88,0
110,130,63,61,66,0
171,148,121,91,60,0
101,156,96,92,98,0
131,168,117,52,65,0
142,118,60,78,50,0
131,148,108,27,98,0
149,172,113,37,90,0
199,131,105,78,67,0
164,124,120,62,50,0
192,93,129,68,80,0
192,166,119,48,86,0
114,162,54,74,56,0
165,107,94,49,76,0
107,124,137,78,69,0
175,121,60,48,56,0
139,165,94,82,85,0
138,131,96,71,78,0
131,149,107,72,97,0
180,91,111,71,97,0
168,92,125,60,99,0
129,171,88,79,93,0
160,108,100,25,98,0
198,87,69,37,50,0
129,147,99,95,67,0
179,154,111,23,50,0
111,176,93,47,95,0
188,122,131,62,61,0
153,126,94,88,100,0
111,165,135,39,94,0
137,147,133,26,87,0
122,118,127,79,100,0
107,112,120,24,66,0
119,126,150,49,70,0
117,170,83,20,97,0
149,157,65,27,91,0
187,117,77,59,72,0
107,175,142,40,67,0
176,153,68,93,71,0
140,169,67,29,99,0
112,83,65,61,63,0
188,123,122,39,80,0
132,84,101,44,84,0
161,133,133,99,73,0
135,152,88,81,89,0
180,118,98,22,83,0
150,88,74,20,84,0
130,108,98,76,53,0
194,137,149,75,65,0
121,143,125,35,90,0
184,134,76,32,89,0
126,164,98,39,73,0
118,125,79,24,99,0
105,146,63,70,58,0
162,151,50,92,54,0
184,103,136,88,71,0
133,170,138,92,62,0
113,114,71,53,82,0
158,174,97,58,76,0
110,172,144,100,70,0
116,173,85,55,94,0
142,163,66,55,51,0
102,154,107,87,78,0
159,90,56,82,88,0
160,117,74,60,65,0
150,85,75,46,75,0
116,115,88,32,72,0
195,86,56,77,51,0
200,111,96,42,57,0
140,169,83,30,67,0
155,133,138,93,81,0
154,132,117,75,75,0
150,88,108,91,94,0
181,180,119,84,87,0
163,129,102,96,99,0
161,179,91,40,86,0
123,100,121,68,60,0
101,131,126,61,72,0
185,126,75,24,76,0
158,152,150,26,84,0
196,119,135,83,68,0
199,134,112,40,60,0
182,154,100,46,77,0
189,155,62,42,64,0
197,136,109,39,58,0
148,87,132,87,83,0
177,120,146,20,82,0
115,96,102,64,65,0
153,101,91,68,92,0
180,123,73,99,82,0
118,138,128,37,78,0
130,153,117,59,59,0
101,135,67,76,54,0
162,123,106,44,59,0
100,113,93,100,66,0
106,98,105,24,50,0
185,130,51,96,94,0
176,80,53,85,78,0
195,173,56,99,97,0
106,80,67,56,98,0
111,169,95,31,70,0
124,140,59,20,88,0
184,115,139,55,74,0
192,163,61,90,75,0
177,157,65,49,95,0
157,101,134,47,74,0
111,143,94,76,79,0
154,117,144,76,75,0
174,163,133,33,51,0
100,119,82,32,64,0
150,95,107,39,85,0
129,161,150,30,91,0
190,166,53,99,75,0
156,167,51,65,63,0
139,134,145,89,100,0
108,178,84,85,98,0
184,96,150,29,87,0
180,113,124,30,95,0
174,133,83,97,82,0
147,107,111,85,78,0
190,171,64,53,71,0
153,139,124,81,98,0
157,139,71,54,84,0
161,176,122,22,53,0
199,121,136,99,92,0
190,85,146,30,97,0
144,104,142,54,80,0
178,150,103,52,65,0
140,83,104,23,81,0
183,109,147,96,71,0
146,157,134,22,74,0
200,146,65,54,93,0
189,99,140,87,88,0
188,176,149,62,63,0
165,82,84,57,81,0
173,110,97,52,95,0
154,106,150,89,60,0
193,132,144,85,53,0
154,90,137,60,99,0
106,120,147,100,95,0
159,139,143,70,54,0
145,86,138,63,76,0
109,161,90,24,66,0
177,162,100,93,99,0
180,165,89,80,63,0
155,138,126,24,58,0
150,180,94,54,85,0
177,88,73,61,51,0
141,138,129,32,92,0
125,80,100,95,81,0
122,177,75,71,93,0
130,91,87,26,83,0
159,139,113,53,53,0
127,82,63,69,67,0
165,104,58,89,71,0
151,130,86,74,76,0
171,140,74,88,65,0
143,156,83,41,58,0
189,104,134,42,69,0
144,163,73,98,57,0
115,117,61,48,99,0
194,125,108,48,55,0
102,104,64,63,78,0
151,177,93,70,69,0
135,106,128,91,56,0
128,158,105,41,85,0
191,98,144,72,91,0
115,169,147,75,96,0
180,141,125,64,74,0
107,119,72,86,80,0
157,132,72,56,98,0
180,124,144,66,55,0
165,143,133,68,72,0
132,154,85,76,96,0
200,112,117,83,81,0
198,145,105,56,75,0
132,163,101,51,84,0
144,114,75,34,96,0
131,161,115,20,66,0
128,135,145,33,70,0
102,179,65,27,80,0
116,98,57,25,74,0
167,94,126,77,64,0
198,133,60,70,95,0
136,82,51,62,57,0
134,115,105,42,75,0
199,138,150,81,98,0
191,167,124,85,80,0
190,84,97,53,64,0
154,140,132,43,83,0
106,173,107,94,57,0
118,123,123,64,58,0
135,94,107,92,54,0
145,150,79,94,76,0
178,148,108,82,63,0
108,116,84,61,54,0
138,97,86,62,54,0
193,84,132,64,51,0
119,115,83,89,62,0
129,178,51,96,97,0
132,95,50,56,63,0
187,180,68,37,93,0
130,95,114,49,69,0
128,147,90,28,69,0
108,153,97,93,85,0
139,155,71,75,53,0
199,99,117,75,57,0
170,88,149,31,60,0
143,156,98,97,74,0
129,132,113,93,70,0
110,109,107,24,96,0
135,134,98,72,80,0
103,157,138,50,54,0
153,167,117,35,85,0
162,97,76,79,60,0
107,162,80,39,59,0
147,113,82,66,67,0
158,149,126,55,70,0
160,149,141,91,67,0
135,127,93,49,80,0
152,129,53,88,80,0
148,119,71,74,77,0
137,177,75,78,70,0
116,148,65,68,50,0
172,134,115,21,81,0
135,177,148,48,90,0
196,105,95,38,95,0
176,145,139,99,92,0
164,126,70,41,58,0
198,178,136,75,97,0
108,111,66,89,58,0
159,86,87,73,97,0
156,121,95,43,61,0
113,122,139,68,97,0
198,139,65,67,62,0
179,125,94,21,65,0
155,164,126,87,83,0
151,128,71,53,69,0
199,85,93,76,62,0
173,149,96,41,84,0
110,134,113,71,54,0
183,159,56,60,54,0
159,144,60,94,83,0
155,144,59,44,92,0
182,157,86,75,71,0
193,164,97,74,64,0
124,153,64,46,92,0
104,169,103,62,54,0
200,178,141,97,82,0
120,156,86,28,99,0
108,110,75,52,97,0
182,82,57,40,78,0
187,102,135,54,69,0
193,149,107,45,52,0
101,104,63,66,72,0
102,144,105,32,76,0
200,122,55,84,61,0
125,92,69,93,90,0
180,82,82,81,97,0
103,109,150,82,70,0
193,89,96,22,57,0
132,137,78,58,88,0
163,153,97,95,50,0
180,82,103,21,73,0
115,150,78,81,100,0
137,142,58,31,85,0
196,82,97,91,96,0
165,86,141,77,71,0
139,124,51,83,100,0
159,89,72,86,57,0
185,89,93,40,65,0
118,101,121,79,55,0
143,161,100,99,52,0
109,119,126,46,88,0
101,87,114,86,92,0
194,141,143,32,87,0
165,132,143,49,100,0
101,166,85,50,84,0
114,112,138,36,66,0
131,168,52,57,53,0
140,105,114,35,59,0
199,177,140,56,97,0
159,180,150,79,83,0
154,90,95,26,64,0
149,145,60,91,100,0
100,114,70,35,85,0
120,142,90,75,82,0
176,131,136,67,58,0
106,175,137,96,58,0
141,145,145,83,57,0
196,82,138,64,87,0
146,121,114,77,62,0
106,146,127,75,73,0
179,169,142,77,91,0
108,164,133,80,97,0
155,121,55,35,81,0
131,143,147,91,51,0
158,123,96,53,51,0
180,89,133,57,58,0
111,117,148,68,84,0
165,139,113,20,71,0
185,157,139,65,72,0
186,142,79,53,63,0
182,110,104,92,91,0
170,134,115,44,58,0
169,135,95,84,72,0
198,174,111,29,65,0
115,180,114,96,68,0
179,149,109,65,71,0
172,101,135,31,100,0
118,149,65,59,64,0
174,110,95,44,52,0
177,87,91,22,62,0
130,92,83,28,88,0
158,161,90,88,70,0
108,122,76,53,81,0
114,122,125,25,57,0
167,157,64,75,60,0
151,164,106,29,69,0
135,91,84,34,61,0
111,135,80,91,63,0
136,133,95,70,61,0
107,120,136,87,96,0
133,125,140,94,71,0
111,130,80,98,59,0
182,80,70,46,61,0
150,103,127,88,60,0
196,157,92,62,67,0
192,172,141,32,51,0
158,160,101,59,50,0
157,148,82,43,55,0
155,130,58,44,69,0
196,117,67,33,88,0
107,159,130,22,82,0
127,147,128,73,90,0
157,166,118,89,75,0
188,178,150,79,80,0
155,134,95,77,69,0
154,85,131,88,53,0
176,148,118,29,55,0
159,93,141,30,56,0
124,159,135,100,76,0
126,117,144,52,81,0
155,140,66,57,83,0
165,94,127,57,98,0
186,89,107,78,97,0
116,111,95,79,57,0
144,114,97,46,73,0
118,134,69,21,81,0
136,86,82,35,62,0
177,88,136,63,95,0
163,80,105,42,59,0
154,124,88,25,55,0
154,168,118,88,76,0
150,148,83,83,82,0
138,139,69,65,86,0
187,125,138,81,94,0
148,158,87,83,50,0
144,111,129,85,81,0
108,147,105,36,83,0
145,164,101,25,96,0
190,176,115,58,93,0
194,125,137,89,58,0
175,167,101,70,62,0
128,116,100,56,96,0
145,180,88,79,82,0
198,127,94,29,97,0
176,108,96,35,79,0
124,159,113,41,63,0
134,120,57,98,100,0
165,104,136,73,79,0
200,175,70,44,53,0
124,135,147,81,69,0
121,125,75,75,86,0
120,81,114,51,62,0
163,114,101,48,71,0
195,124,107,29,82,0
131,173,132,33,62,0
134,103,90,51,86,0
144,102,119,85,64,0
134,93,138,93,67,0
176,174,70,71,55,0
123,128,57,70,61,0
119,109,147,22,55,0
195,179,150,33,78,0
127,168,87,56,72,0
120,124,63,36,70,0
181,122,126,53,64,0
128,159,100,49,50,0
148,83,57,75,87,0
154,159,74,58,63,0
167,91,80,79,93,0
156,155,107,100,69,0
189,88,109,68,87,0
107,120,61,64,76,0
158,134,85,92,100,0
182,158,108,91,96,0
141,120,96,70,73,0
124,90,122,62,81,0
177,173,127,92,82,0
133,136,63,71,55,0
127,80,131,44,54,0
137,134,123,97,67,0
175,89,96,29,99,0
103,136,98,20,60,0
117,110,109,52,73,0
183,117,61,57,74,0
111,176,98,36,66,0
196,126,99,99,53,0
100,176,59,37,70,0
155,152,59,53,95,0
129,116,103,64,55,0
136,102,122,68,54,0
191,148,138,31,84,0
115,117,62,57,76,0
174,114,59,69,65,0
134,144,127,36,81,0
195,101,66,32,56,0
109,180,144,99,54,0
174,124,110,83,76,0
195,160,115,86,81,0
187,165,51,97,81,0
135,136,74,92,70,0
197,128,107,20,94,0
128,86,136,20,90,0
111,124,135,55,61,0
110,119,74,65,64,0
179,111,144,26,90,0
162,112,110,73,56,0
177,90,123,25,82,0
194,128,146,52,90,0
148,158,87,31,89,0
120,113,150,54,85,0
176,129,66,65,83,0
101,145,58,52,67,0
144,86,65,57,68,0
162,93,139,86,63,0
199,158,143,46,69,0
108,83,135,39,66,0
173,90,62,61,74,0
101,110,117,45,76,0
145,172,135,22,100,0
151,158,136,60,63,0
103,85,112,26,59,0
169,160,107,90,66,0
168,119,58,79,81,0
101,123,58,52,77,0
152,155,51,59,86,0
141,122,106,58,94,0
140,169,124,94,53,0
128,116,51,66,85,0
177,119,141,65,59,0
116,97,105,89,51,0
156,120,97,42,53,0
114,138,94,36,81,0
141,112,91,88,78,0
145,159,115,46,97,0
106,121,72,31,86,0
141,98,67,23,84,0
157,109,125,41,72,0
113,116,112,26,88,0
177,173,119,30,63,0
103,103,145,72,54,0
197,162,108,63,77,0
132,179,148,48,95,0
106,99,128,29,55,0
155,89,59,39,72,0
115,132,141,68,94,0
146,158,69,85,51,0
172,142,150,81,53,0
174,124,101,67,60,0
197,172,104,95,75,0
100,88,130,72,87,0
110,88,124,74,66,0
196,138,64,20,63,0
123,147,115,49,51,0
108,119,142,81,81,0
118,87,123,93,75,0
146,141,100,95,89,0
195,96,112,83,93,0
112,122,144,99,76,0
100,137,136,56,76,0
183,115,55,94,83,0
117,174,131,77,65,0
148,80,123,34,70,0
158,153,134,90,53,0
113,118,110,96,98,0
143,115,60,46,93,0
118,103,81,84,66,0
111,119,73,99,62,0
124,114,141,100,67,0
151,170,143,93,78,0
136,90,135,32,100,0
160,129,72,40,54,0
143,93,50,99,61,0
185,87,54,98,98,0
143,106,57,90,64,0
121,81,142,99,71,0
185,118,113,69,76,0
187,119,86,93,75,0
165,160,104,90,96,0
180,122,61,64,51,0
137,105,50,49,73,0
126,126,119,51,71,0
125,172,120,71,88,0
111,168,103,95,58,0
148,127,137,81,88,0
199,130,60,68,69,0
169,87,53,98,56,0
128,124,54,79,90,0
178,94,69,36,70,0
107,143,145,61,61,0
108,139,83,90,64,0
180,132,95,43,69,0
170,137,148,73,99,0
168,177,96,73,92,0
145,151,58,74,70,0
155,93,124,90,79,0
195,157,70,55,66,0
117,166,81,52,88,0
151,110,91,24,98,0
190,102,75,23,85,0
148,99,80,22,90,0
158,128,105,28,95,0
111,145,145,29,76,0
150,115,147,87,88,0
128,83,54,41,50,0
153,95,98,38,95,0
167,147,139,68,60,0
165,153,77,100,56,0
191,169,123,26,50,0
117,119,106,46,56,0
143,166,99,86,57,0
128,104,85,59,52,0
176,128,81,76,58,0
180,175,97,82,75,0
115,173,124,96,88,0
121,147,86,76,66,0
117,167,139,84,60,0
107,99,114,64,73,0
138,152,108,82,75,0
164,107,68,82,54,0
132,82,110,60,90,0
126,132,89,43,57,0
125,179,88,77,74,0
182,167,85,87,73,0
117,141,75,70,99,0
152,97,90,64,80,0
175,147,112,60,68,0
193,177,132,77,57,0
173,144,109,85,82,0
195,151,99,71,94,0
101,146,54,24,89,0
124,90,100,26,54,0
105,167,122,71,55,0
119,170,127,84,87,0
150,106,74,89,62,0
181,159,138,46,92,0
109,157,129,70,65,0
145,85,127,46,68,0
164,158,123,39,51,0
131,154,81,82,60,0
171,98,112,63,87,0
197,110,74,91,96,0
115,113,102,45,80,0
173,145,134,87,63,0
192,125,135,72,85,0
182,154,118,97,55,0
126,150,148,75,99,0
188,150,135,37,74,0
175,174,91,51,95,0
186,126,89,89,90,0
195,169,118,30,67,0
120,107,76,78,61,0
194,154,130,87,88,0
147,167,150,93,54,0
157,114,60,97,90,0
119,158,143,92,80,0
112,169,137,21,56,0
165,153,134,28,70,0
194,123,61,100,97,0
104,160,127,93,53,0
153,159,125,23,69,0
125,157,62,46,63,0
119,127,138,43,83,0
134,116,135,24,99,0
188,127,88,31,91,0
111,100,110,51,64,0
112,83,127,43,53,0
188,134,73,34,65,0
197,116,130,72,95,0
183,104,56,20,70,0
184,152,67,22,54,0
102,172,105,21,72,0
194,91,104,56,76,0
197,92,64,69,71,0
132,87,102,20,69,0
122,83,50,47,82,0
135,139,119,71,54,0
162,150,134,83,71,0
173,82,88,27,81,0
125,96,132,89,86,0
136,105,126,45,75,0
157,139,150,67,56,0
137,116,149,64,57,0
169,173,98,81,75,0
177,144,117,21,72,0
192,163,74,74,78,0
130,145,70,85,99,0
161,163,115,65,51,0
174,110,90,71,61,0
170,106,110,98,78,0
111,167,103,41,74,0
192,155,94,46,85,0
148,164,92,92,52,0
122,107,101,39,84,0
189,137,117,68,64,0
108,142,76,55,74,0
184,137,126,26,81,0
148,90,55,93,64,0
111,144,96,99,79,0
193,103,65,92,59,0
170,146,130,80,90,0
189,134,65,49,58,0
191,141,59,28,98,0
178,180,102,36,82,0
189,92,66,82,72,0
112,121,106,69,88,0
177,169,55,40,57,0
189,133,139,64,73,0
135,94,78,23,91,0
156,109,113,27,75,0
122,149,73,49,97,0
133,83,113,89,54,0
151,137,127,66,66,0
141,110,53,38,70,0
126,139,121,79,80,0
188,174,119,90,63,0
129,80,91,91,81,0
132,118,130,83,100,0
133,84,100,25,50,0
112,131,114,34,97,0
176,127,140,51,82,0
177,104,53,30,58,0
199,109,139,67,87,0
188,83,55,84,99,0
191,118,126,71,52,0
121,145,128,94,74,0
189,102,126,27,88,0
140,130,150,59,81,0
179,150,150,23,56,0
112,95,91,81,62,0
100,106,57,48,95,0
168,150,138,39,76,0
125,169,107,55,86,0
170,149,79,44,50,0
108,166,119,38,64,0
129,144,116,36,95,0
190,162,120,83,71,0
159,84,141,68,90,0
152,119,53,100,71,0
139,151,56,79,63,0
115,172,75,86,56,0
133,174,146,75,62,0
130,155,68,63,79,0
115,131,54,76,91,0
143,162,70,62,99,0
178,159,109,83,98,0
128,166,141,24,61,0
181,166,104,43,94,0
173,108,128,38,73,0
172,82,77,62,71,0
147,152,123,58,59,0
113,110,121,30,73,0
147,135,101,45,80,0
199,160,84,57,55,0
184,175,143,40,62,0
129,132,144,79,79,0
106,80,65,37,99,0
177,129,88,49,84,0
134,177,78,94,76,0
192,158,58,57,92,0
155,141,53,32,68,0
189,160,85,47,71,0
144,117,97,39,65,0
133,135,122,95,56,0
100,168,91,26,77,0
165,130,73,56,83,0
120,125,142,58,98,0
123,139,76,20,89,0
104,115,130,90,56,0
119,98,59,20,67,0
167,104,90,41,98,0
186,90,111,48,60,0
121,172,96,63,77,0
176,176,88,47,59,0
167,144,50,98,54,0
128,143,104,89,63,0
150,135,104,61,53,0
129,123,121,50,85,0
130,95,50,65,88,0
131,140,104,23,69,0
190,113,128,100,63,0
142,175,65,65,73,0
193,85,139,79,59,0
183,160,62,40,58,0
122,85,99,77,88,0
137,99,103,82,50,0
177,164,119,43,87,0
129,95,97,37,62,0
128,126,57,45,67,0
174,167,54,65,65,0
137,97,73,84,94,0
163,108,123,73,89,0
144,129,132,44,82,0
191,180,122,47,63,0
116,129,107,58,68,0
190,161,144,51,67,0
127,178,147,57,85,0
130,129,69,51,66,0
169,118,129,65,81,0
111,165,146,28,56,0
165,170,60,36,63,0
162,111,147,99,76,0
157,110,126,91,68,0
181,83,133,73,85,0
173,101,96,85,57,0
137,156,102,58,98,0
163,97,140,39,93,0
153,159,109,91,79,0
199,169,60,29,73,0
155,163,95,74,64,0
171,95,149,98,85,0
126,130,52,28,97,0
178,166,107,94,86,0
161,178,65,82,72,0
112,114,136,27,98,0
113,162,102,76,68,0
116,141,68,24,90,0
135,145,121,75,76,0
176,109,117,40,92,0
102,131,121,92,66,0
151,110,74,46,93,0
103,86,139,22,68,0
137,147,109,51,52,0
124,179,93,36,76,0
153,146,96,35,52,0
154,148,136,68,57,0
174,92,58,75,78,0
119,156,70,96,89,0
107,168,125,83,75,0
171,142,80,87,77,0
124,166,136,80,83,0
167,129,75,27,68,0
180,131,98,60,68,0
145,138,127,31,77,0
141,147,87,79,65,0
121,159,94,83,68,0
169,152,129,36,96,0
113,86,112,77,97,0
184,109,86,32,74,0
119,129,66,99,67,0
193,121,59,28,91,0
181,131,98,26,76,0
116,173,122,29,86,0
166,131,117,87,74,0
161,80,96,83,77,0
111,157,50,33,92,0
130,88,145,25,93,0
117,131,56,60,82,0
187,83,131,48,57,0
168,171,143,56,99,0
112,95,71,100,56,0
195,132,80,97,79,0
117,151,124,83,76,0
174,139,129,37,94,0
146,110,53,61,60,0
159,129,109,83,97,0
122,166,56,20,94,0
180,131,51,42,95,0
178,87,53,50,98,0
123,82,86,36,66,0
136,89,110,84,92,0
154,153,61,40,84,0
150,145,123,21,86,0
176,84,96,20,55,0
122,117,137,65,69,0
142,170,80,97,100,0
147,132,59,21,79,0
155,176,150,49,78,0
178,133,129,30,54,0
133,158,128,97,51,0
164,142,141,99,96,0
122,153,77,60,77,0
107,102,75,25,51,0
172,122,117,73,53,0
140,87,79,46,54,0
158,172,53,33,68,0
116,172,119,43,90,0
113,174,125,43,75,0
196,88,105,86,64,0
131,168,108,84,99,0
129,101,140,100,99,0
153,167,101,85,92,0
149,140,110,85,83,0
188,136,117,80,64,0
164,124,127,73,91,0
136,144,58,78,60,0
167,165,120,76,66,0
128,163,146,79,64,0
149,130,101,21,86,0
130,131,132,62,79,0
117,128,118,97,73,0
191,162,134,51,97,0
135,142,68,71,58,0
160,166,104,91,86,0
174,90,103,63,66,0
177,100,142,59,93,0
168,163,72,34,79,0
102,123,70,73,70,0
130,180,87,85,100,0
196,147,59,24,70,0
155,93,50,76,74,0
122,84,51,33,96,0
122,91,133,68,87,0
146,100,111,28,88,0
125,80,144,52,74,0
177,164,100,60,56,0
117,148,121,96,100,0
178,134,119,72,75,0
102,123,90,55,68,0
101,101,125,24,78,0
105,103,75,55,99,0
145,98,76,50,66,0
176,177,131,35,92,0
198,81,62,24,54,0
171,132,126,83,64,0
161,171,89,85,50,0
131,153,65,49,73,0
120,122,82,22,100,0
162,142,111,41,92,0
171,154,58,91,95,0
113,145,75,52,94,0
102,109,109,96,62,0
122,140,109,38,76,0
172,154,139,60,94,0
153,152,89,39,64,0
168,116,117,95,88,0
107,167,142,28,83,0
119,87,89,53,78,0
183,111,148,50,94,0
126,125,78,21,52,0
164,109,89,27,94,0
178,120,86,85,59,0
110,171,142,76,79,0
193,164,91,47,88,0
135,135,63,22,90,0
134,99,143,92,63,0
117,179,57,24,92,0
154,108,138,51,72,0
137,166,65,69,59,0
195,148,81,85,76,0
198,166,69,97,74,0
102,168,62,93,94,0
149,125,84,67,88,0
193,131,126,86,92,0
141,149,50,54,77,0
147,96,132,61,90,0
120,141,59,47,81,0
198,103,149,41,91,0
183,159,143,63,77,0
135,90,67,29,52,0
166,125,147,22,61,0
176,89,144,35,71,0
126,97,119,49,83,0
180,111,98,89,69,0
174,109,135,53,52,0
103,159,112,52,70,0
159,165,141,48,76,0
148,135,57,53,77,0
158,129,66,65,50,0
173,175,116,93,54,0
106,105,115,77,63,0
126,132,81,90,76,0
109,176,50,46,79,0
167,88,74,30,81,0
177,155,55,93,74,0
190,143,77,76,73,0
106,111,139,94,75,0
114,135,149,86,58,0
190,152,91,41,55,0
138,113,63,65,78,0
104,168,77,29,61,0
136,135,94,28,61,0
149,142,116,41,51,0
106,134,109,67,99,0
135,166,132,44,74,0
158,89,131,96,80,0
171,100,68,94,83,0
177,84,145,72,64,0
128,99,68,53,94,0
193,91,84,95,88,0
125,180,118,62,61,0
111,128,146,52,94,0
165,167,111,23,69,0
163,85,126,94,61,0
150,162,69,28,61,0
176,116,119,74,59,0
171,102,106,37,75,0
170,180,112,93,83,0
185,175,66,27,90,0
181,123,130,64,97,0
185,167,117,46,69,0
104,173,145,87,81,0
160,135,69,26,92,0
136,147,55,25,77,0
133,155,62,49,95,0
124,171,108,42,69,0
182,92,76,65,84,0
175,86,68,83,79,0
120,123,133,41,61,0
176,112,125,66,97,0
198,133,55,30,92,0
168,114,60,71,100,0
173,178,68,65,53,0
164,129,60,68,64,0
114,98,144,81,90,0
181,158,65,67,66,0
135,117,81,33,55,0
112,96,118,87,55,0
105,107,140,69,96,0
152,120,59,55,83,0
128,178,96,85,86,0
189,85,138,88,87,0
178,165,109,65,52,0
108,87,110,52,94,0
159,144,131,90,50,0
197,126,113,58,60,0
181,105,148,45,97,0
198,156,66,67,93,0
105,115,112,54,93,0
195,157,108,37,88,0
111,157,75,29,54,0
175,117,90,29,89,0
147,143,52,47,69,0
162,153,118,29,87,0
142,132,89,98,55,0
165,171,124,49,65,0
166,84,143,83,92,0
128,155,56,39,53,0
168,122,130,61,62,0
128,111,126,32,91,0
197,180,91,20,78,0
178,175,149,72,89,0
101,134,88,32,64,0
148,161,55,25,51,0
126,110,123,75,58,0
116,101,81,84,52,0
197,174,140,66,81,0
167,107,83,79,86,0
158,105,85,97,59,0
115,93,53,46,99,0
126,133,113,29,74,0
118,148,106,51,94,0
165,144,138,80,64,0
131,111,62,90,59,0
189,120,114,40,61,0
183,114,77,64,90,0
152,91,99,31,63,0
166,115,128,62,95,0
195,176,79,38,90,0
138,110,146,26,83,0
163,150,118,39,98,0
118,104,89,49,93,0
138,107,128,94,72,0
151,167,113,63,51,0
154,86,120,37,86,0
146,166,148,87,54,0
162,144,52,44,61,0
150,180,68,99,75,0
181,141,51,43,82,0
173,122,67,93,56,0
166,92,68,21,90,0
162,169,139,49,82,0
119,92,110,38,91,0
162,110,136,32,59,0
186,141,150,34,61,0
136,152,98,92,99,0
118,128,137,45,89,0
113,149,69,85,62,0
131,115,76,80,98,0
143,82,71,63,85,0
179,106,107,90,63,0
191,142,106,24,70,0
167,109,98,94,95,0
199,151,99,38,58,0
173,104,78,80,77,0
35,35,54,194,66,1
76,81,49,130,72,1
89,64,49,101,99,1
50,65,26,116,87,1
76,33,30,112,61,1
36,46,42,174,99,1
53,94,27,118,82,1
33,54,46,198,90,1
74,87,21,142,75,1
53,64,36,149,107,1
72,40,48,111,85,1
48,73,52,100,105,1
43,74,43,185,91,1
50,105,32,166,90,1
97,91,49,182,77,1
59,52,47,141,95,1
22,91,37,183,65,1
62,47,65,134,72,1
71,48,73,126,100,1
54,115,82,192,82,1
71,102,66,173,113,1
64,85,59,193,78,1
42,39,54,184,70,1
57,108,92,141,107,1
54,58,44,109,65,1
33,40,35,160,61,1
39,69,26,101,62,1
90,95,30,134,62,1
78,60,57,134,65,1
47,118,93,192,104,1
87,83,62,139,85,1
80,74,27,134,70,1
82,92,33,137,68,1
66,50,83,160,98,1
75,112,85,119,119,1
33,109,59,124,60,1
34,36,34,105,93,1
28,95,68,167,117,1
65,65,53,131,100,1
79,79,54,191,85,1
37,116,34,136,67,1
81,80,65,186,80,1
83,67,22,143,105,1
42,67,71,148,107,1
48,36,93,182,71,1
59,120,62,196,93,1
81,91,75,160,93,1
35,108,43,163,92,1
23,52,46,198,95,1
84,115,66,127,116,1
53,94,98,179,77,1
91,33,56,195,114,1
31,84,51,117,76,1
39,113,58,177,93,1
82,57,38,196,85,1
77,116,37,155,82,1
35,76,73,135,99,1
50,88,29,161,69,1
35,82,75,169,77,1
83,98,33,100,77,1
97,75,93,102,84,1
41,82,22,184,106,1
71,53,63,122,115,1
42,72,45,168,89,1
71,62,42,121,62,1
69,97,24,135,98,1
96,96,40,185,66,1
64,79,76,126,61,1
31,108,85,176,114,1
22,77,49,191,78,1
52,116,100,147,99,1
51,70,79,107,79,1
68,48,48,111,111,1
65,85,52,142,84,1
94,69,44,105,95,1
83,96,64,172,97,1
45,104,29,120,109,1
89,101,73,112,106,1
20,109,64,130,63,1
26,53,41,130,82,1
97,96,52,153,108,1
58,50,90,165,83,1
68,30,52,178,84,1
73,101,50,156,115,1
59,61,61,104,120,1
68,59,41,148,104,1
40,71,31,167,79,1
99,70,48,197,92,1
48,109,85,109,101,1
85,74,92,123,79,1
84,105,29,129,73,1
89,30,95,185,107,1
46,62,93,142,107,1
79,89,38,192,98,1
66,96,44,149,72,1
44,103,95,142,105,1
41,88,82,197,118,1
25,79,46,135,78,1
52,32,48,152,112,1
39,113,24,193,75,1
30,80,99,166,76,1
64,46,35,165,109,1
53,64,67,139,120,1
93,47,71,136,74,1
30,90,40,140,88,1
100,99,48,131,76,1
75,86,74,158,66,1
77,76,43,166,110,1
48,36,80,102,110,1
98,49,31,184,72,1
44,36,96,136,106,1
56,68,41,119,76,1
31,59,58,106,94,1
62,119,74,118,109,1
89,112,99,148,117,1
90,112,74,125,73,1
92,30,49,155,117,1
29,33,96,138,87,1
42,73,90,106,75,1
86,60,45,126,88,1
95,107,52,186,92,1
62,70,58,145,109,1
61,56,73,191,98,1
40,119,61,102,84,1
46,96,66,105,75,1
69,44,99,177,72,1
41,60,91,161,117,1
33,63,78,199,84,1
81,31,65,146,117,1
88,61,63,140,109,1
27,55,66,126,82,1
91,60,92,161,110,1
67,45,99,177,79,1
90,93,80,135,109,1
79,104,56,178,74,1
29,92,96,151,94,1
95,93,26,101,99,1
31,62,22,161,120,1
25,91,39,126,115,1
49,120,56,113,88,1
28,31,94,175,96,1
27,100,72,187,118,1
62,50,51,168,84,1
41,91,42,121,109,1
93,63,31,115,93,1
22,80,96,197,98,1
28,86,53,143,86,1
60,74,42,145,66,1
49,85,47,133,117,1
58,64,98,151,60,1
35,70,76,164,116,1
32,102,91,123,98,1
94,110,80,179,78,1
43,54,24,169,64,1
27,37,81,130,92,1
68,79,48,159,109,1
54,69,77,129,106,1
44,46,54,183,97,1
50,32,40,192,97,1
32,50,46,143,83,1
30,105,60,116,97,1
34,107,65,185,103,1
76,69,30,158,110,1
45,59,23,145,101,1
97,96,72,198,70,1
50,74,64,122,95,1
35,72,77,150,78,1
94,78,57,113,67,1
86,43,33,138,103,1
48,86,67,194,117,1
22,77,54,112,75,1
76,56,58,145,119,1
87,113,94,174,81,1
72,108,54,200,72,1
91,95,62,128,78,1
98,54,44,185,84,1
42,49,27,111,99,1
84,96,42,167,66,1
78,92,31,126,92,1
41,91,20,110,75,1
57,86,56,163,89,1
25,43,51,107,104,1
91,97,78,183,108,1
30,31,75,114,92,1
72,82,42,188,73,1
30,48,34,175,80,1
57,107,34,158,62,1
27,83,68,125,79,1
100,101,81,120,63,1
34,64,63,188,111,1
78,76,59,134,97,1
87,74,68,173,104,1
20,90,47,149,115,1
74,47,50,171,95,1
60,90,31,184,69,1
45,89,39,118,103,1
73,77,49,130,86,1
68,61,39,151,104,1
75,37,93,107,102,1
80,52,84,182,108,1
100,53,35,157,64,1
42,115,93,117,112,1
23,58,95,191,75,1
46,106,24,111,92,1
60,110,80,133,90,1
20,104,37,198,115,1
69,39,95,194,66,1
42,41,67,162,103,1
97,57,67,140,110,1
70,57,73,172,89,1
56,84,79,182,112,1
55,94,38,133,91,1
95,62,29,112,79,1
35,99,99,176,66,1
28,98,98,106,118,1
30,118,88,195,101,1
20,59,94,171,67,1
88,68,76,198,83,1
40,118,68,183,117,1
55,41,100,117,79,1
96,33,36,127,120,1
57,44,77,137,117,1
66,95,28,105,78,1
86,53,40,199,65,1
69,117,97,134,106,1
90,32,46,154,79,1
92,99,70,180,93,1
39,36,85,160,115,1
56,69,88,194,75,1
30,53,38,116,82,1
24,65,34,148,107,1
80,103,33,111,87,1
90,30,90,195,76,1
91,50,99,126,109,1
53,60,89,105,113,1
31,47,20,139,88,1
57,99,33,163,92,1
53,57,20,198,67,1
39,85,82,102,64,1
94,70,98,181,80,1
75,69,37,182,70,1
33,85,62,200,85,1
100,108,51,177,119,1
60,33,88,188,70,1
87,34,97,150,94,1
97,40,65,186,84,1
21,65,73,188,99,1
66,83,34,198,111,1
64,77,76,195,73,1
31,92,27,126,96,1
52,60,50,115,76,1
88,109,97,173,85,1
85,70,44,177,84,1
82,84,31,199,66,1
63,70,54,153,87,1
28,90,35,158,67,1
93,37,49,106,70,1
66,107,29,118,109,1
34,91,51,139,117,1
33,110,81,151,95,1
71,105,71,185,99,1
67,36,85,143,81,1
34,105,57,143,67,1
98,119,90,179,71,1
35,93,67,137,79,1
83,47,74,129,71,1
84,57,40,116,75,1
98,76,71,166,105,1
53,102,55,157,93,1
47,37,39,135,73,1
72,60,84,191,112,1
21,55,81,125,69,1
62,61,43,110,97,1
85,108,22,102,69,1
38,57,75,118,118,1
39,35,35,193,75,1
31,78,47,179,69,1
78,107,97,181,93,1
20,100,45,141,72,1
56,100,82,105,100,1
31,47,39,156,78,1
51,105,97,123,82,1
83,72,88,189,118,1
34,65,43,139,108,1
78,76,90,155,91,1
89,87,21,118,80,1
77,90,20,191,97,1
24,68,76,185,90,1
22,45,20,157,84,1
33,105,80,134,80,1
64,62,39,111,100,1
31,102,35,169,112,1
64,83,61,154,95,1
52,119,98,160,85,1
58,40,67,193,115,1
84,81,92,105,109,1
86,59,81,160,91,1
51,71,27,156,78,1
43,113,63,177,108,1
62,38,42,101,68,1
66,107,78,199,112,1
87,93,28,119,103,1
33,71,93,180,102,1
49,55,52,147,72,1
87,43,99,188,76,1
69,102,64,145,74,1
74,37,71,122,60,1
68,107,59,196,119,1
60,77,75,110,60,1
82,44,90,178,114,1
49,85,95,184,89,1
81,60,78,164,84,1
44,37,53,162,100,1
97,62,91,127,97,1
27,51,29,127,97,1
53,90,29,107,65,1
58,37,62,165,81,1
69,82,42,121,64,1
78,73,77,194,64,1
26,114,49,134,119,1
96,93,23,104,66,1
40,57,25,128,98,1
45,82,44,163,117,1
33,57,61,131,93,1
97,89,66,198,83,1
32,57,83,194,88,1
54,103,41,117,105,1
86,113,95,168,83,1
63,86,28,156,116,1
26,57,65,193,99,1
76,102,42,132,114,1
98,66,92,153,117,1
81,60,90,178,82,1
88,66,83,133,98,1
47,76,30,142,106,1
99,112,32,159,105,1
99,46,70,156,103,1
92,60,96,168,113,1
65,62,42,121,85,1
45,50,64,111,119,1
25,66,37,191,65,1
100,37,84,112,120,1
22,51,26,124,91,1
91,46,82,126,72,1
69,81,69,101,62,1
41,77,41,171,65,1
78,53,76,184,63,1
60,46,71,135,119,1
55,93,85,104,66,1
70,35,63,183,100,1
59,55,28,112,78,1
28,46,62,184,108,1
96,67,82,169,88,1
40,100,95,142,84,1
29,102,53,190,120,1
77,111,29,168,102,1
98,110,62,159,108,1
36,78,83,110,67,1
97,61,38,190,65,1
57,54,88,138,74,1
44,105,97,165,64,1
48,77,24,153,60,1
29,112,89,113,108,1
60,107,62,136,108,1
39,51,55,129,109,1
66,69,24,143,79,1
58,63,73,164,68,1
64,91,88,131,109,1
59,55,90,153,70,1
48,70,30,144,79,1
70,83,25,150,73,1
45,70,80,144,98,1
47,101,50,112,119,1
68,120,23,153,77,1
23,46,66,110,87,1
95,41,73,131,83,1
40,91,39,178,112,1
49,51,32,120,75,1
54,118,91,107,117,1
37,72,93,149,83,1
85,36,99,157,79,1
95,90,100,113,76,1
85,103,55,136,113,1
79,38,36,117,117,1
96,35,38,183,112,1
94,77,78,154,116,1
85,67,92,109,117,1
29,59,36,129,84,1
98,91,31,116,96,1
48,40,49,101,115,1
68,110,20,169,113,1
73,116,33,101,99,1
23,69,80,105,66,1
38,32,26,198,66,1
35,60,86,169,65,1
94,117,78,121,99,1
44,74,73,168,75,1
28,91,77,185,116,1
28,56,92,159,102,1
81,55,66,181,80,1
47,75,77,109,98,1
43,100,93,159,81,1
46,98,87,102,107,1
80,74,46,138,87,1
43,36,61,120,85,1
88,64,64,104,69,1
44,76,86,160,105,1
26,97,88,165,81,1
42,99,58,114,68,1
95,47,89,192,78,1
35,88,29,138,89,1
34,31,88,182,117,1
89,32,41,102,98,1
23,58,80,131,91,1
86,42,36,150,87,1
97,45,92,103,73,1
28,55,30,129,105,1
24,92,59,143,115,1
72,92,76,196,81,1
79,30,38,127,73,1
65,41,67,192,62,1
24,85,78,197,90,1
21,102,89,102,101,1
90,42,40,141,99,1
99,106,94,124,96,1
63,107,33,114,108,1
72,102,53,117,84,1
21,82,89,156,73,1
71,109,75,108,83,1
24,95,99,181,114,1
71,76,54,114,67,1
81,52,81,182,104,1
61,80,30,147,69,1
31,49,59,144,62,1
63,106,95,144,62,1
95,56,20,142,112,1
76,44,94,137,94,1
52,59,57,199,111,1
61,115,79,174,61,1
31,109,59,173,96,1
25,55,93,153,105,1
66,73,75,152,108,1
80,72,38,108,65,1
79,75,80,169,105,1
33,47,35,186,96,1
100,73,98,140,94,1
85,106,62,182,116,1
80,62,38,127,103,1
28,82,33,175,115,1
41,73,85,154,95,1
79,30,99,111,74,1
63,101,78,193,63,1
90,94,29,135,77,1
37,74,55,106,114,1
65,47,81,159,98,1
52,63,90,148,99,1
61,79,25,142,95,1
87,86,89,174,65,1
94,78,92,115,86,1
51,34,97,132,99,1
97,113,64,192,66,1
30,82,42,183,63,1
71,103,78,135,74,1
84,37,65,183,87,1
28,34,97,131,91,1
34,67,96,105,85,1
36,110,66,145,97,1
51,103,81,132,116,1
64,115,100,177,110,1
68,54,60,115,70,1
26,110,22,199,73,1
47,49,55,124,60,1
63,84,22,156,65,1
59,89,38,188,75,1
38,35,50,187,95,1
50,118,32,135,91,1
85,116,54,103,97,1
50,49,73,179,86,1
72,53,52,101,93,1
79,53,93,151,105,1
57,116,85,123,60,1
98,91,67,197,86,1
61,97,50,138,100,1
81,97,23,117,90,1
46,57,76,177,106,1
89,115,57,181,101,1
23,107,20,189,114,1
25,73,41,199,87,1
75,49,20,185,120,1
55,117,90,139,97,1
20,115,54,149,119,1
98,103,79,117,109,1
26,84,24,179,107,1
83,32,87,195,111,1
22,64,69,133,97,1
83,82,96,126,88,1
42,104,54,167,102,1
99,89,96,145,115,1
33,74,47,167,104,1
54,99,49,100,79,1
50,46,55,131,119,1
35,93,51,176,74,1
76,114,87,104,101,1
39,31,39,110,115,1
78,94,80,197,76,1
67,57,53,114,77,1
32,33,92,194,71,1
57,30,54,154,69,1
73,39,54,162,92,1
21,51,22,136,94,1
49,46,47,154,98,1
38,100,78,135,117,1
36,99,46,193,81,1
47,54,23,142,62,1
66,113,94,143,92,1
94,112,93,198,93,1
50,76,30,114,60,1
65,39,40,165,82,1
56,32,45,140,80,1
66,115,56,159,84,1
58,98,91,159,76,1
22,111,84,124,120,1
95,87,78,112,96,1
88,72,54,200,81,1
82,70,49,160,69,1
27,94,38,186,108,1
89,103,64,155,91,1
48,106,55,194,111,1
84,85,97,104,69,1
35,46,89,140,106,1
75,81,96,188,90,1
48,42,47,196,99,1
42,79,76,183,93,1
97,32,68,133,118,1
63,40,31,114,97,1
76,48,66,123,120,1
55,50,31,188,63,1
56,111,30,181,61,1
87,30,99,114,65,1
79,35,55,159,113,1
81,35,93,152,76,1
44,49,47,123,93,1
44,102,82,168,63,1
20,61,34,122,75,1
82,59,39,152,92,1
84,58,98,195,86,1
79,56,86,152,114,1
22,98,94,102,87,1
97,78,52,192,93,1
35,90,46,175,113,1
57,110,92,169,115,1
24,50,81,183,95,1
85,117,98,200,103,1
32,88,62,139,113,1
77,115,63,166,80,1
76,44,75,147,89,1
65,80,58,151,111,1
93,89,30,115,112,1
88,96,83,194,111,1
64,71,25,125,112,1
48,36,26,139,115,1
39,99,33,169,64,1
68,114,41,195,65,1
70,110,50,168,62,1
28,57,25,125,87,1
30,84,39,143,93,1
63,55,68,105,89,1
63,35,47,164,99,1
63,96,25,115,80,1
23,106,85,135,84,1
69,82,34,157,115,1
75,59,40,155,68,1
91,58,69,156,84,1
22,82,84,154,98,1
85,37,45,177,64,1
87,67,80,111,87,1
85,87,26,120,74,1
35,108,39,134,91,1
87,106,54,171,62,1
82,37,86,143,62,1
29,112,34,166,67,1
29,47,62,184,95,1
76,43,36,200,90,1
57,37,93,115,76,1
30,117,97,187,111,1
38,100,55,130,94,1
55,79,34,121,116,1
41,75,93,155,96,1
43,78,36,111,71,1
68,106,50,154,91,1
69,67,64,191,67,1
89,65,98,110,100,1
72,84,56,195,61,1
98,79,78,193,64,1
29,75,75,102,98,1
39,46,58,137,77,1
51,59,42,131,84,1
32,47,23,181,118,1
63,38,32,121,93,1
28,78,82,118,61,1
84,98,75,134,73,1
48,115,22,177,99,1
35,108,50,104,81,1
33,49,59,118,89,1
80,69,87,103,103,1
29,73,27,189,76,1
55,35,50,199,74,1
81,31,29,111,87,1
68,108,53,200,114,1
66,72,80,111,103,1
25,112,62,150,105,1
20,63,88,144,94,1
89,84,40,130,86,1
20,120,70,190,70,1
99,94,22,131,108,1
29,109,65,181,66,1
94,40,69,181,82,1
59,38,32,178,118,1
44,85,65,130,93,1
48,99,46,128,83,1
53,104,24,149,67,1
44,43,56,149,117,1
25,36,37,181,97,1
68,85,39,123,90,1
53,110,31,125,81,1
96,100,23,151,70,1
27,113,59,129,111,1
68,58,83,107,66,1
92,47,94,185,62,1
55,39,20,114,69,1
53,88,83,119,120,1
44,61,38,126,117,1
83,59,73,173,104,1
82,120,71,108,83,1
43,88,73,155,76,1
64,109,25,111,61,1
75,58,62,110,102,1
52,112,75,191,116,1
97,38,57,107,99,1
86,47,94,124,92,1
35,69,61,132,84,1
85,100,75,163,79,1
54,54,58,198,106,1
86,64,37,189,91,1
74,84,74,170,106,1
30,106,50,133,110,1
70,88,24,130,74,1
60,115,39,174,61,1
77,41,52,113,110,1
78,118,27,121,99,1
51,49,68,184,90,1
75,42,70,110,112,1
82,84,38,112,69,1
28,117,27,122,106,1
75,112,29,152,107,1
67,66,28,153,99,1
100,32,28,106,107,1
41,54,88,163,81,1
98,50,59,130,96,1
66,34,76,186,115,1
86,102,99,198,95,1
61,39,90,114,117,1
91,39,69,184,105,1
89,59,60,109,66,1
41,72,67,180,116,1
42,69,88,150,120,1
50,48,90,173,119,1
65,70,33,117,75,1
49,62,23,124,66,1
80,36,81,113,119,1
97,71,39,192,76,1
92,49,67,102,120,1
59,97,64,200,86,1
53,64,26,145,86,1
30,111,24,155,108,1
23,52,49,108,91,1
93,42,56,133,62,1
64,115,71,163,66,1
93,55,95,123,119,1
21,93,48,110,100,1
21,68,62,159,110,1
43,96,75,147,89,1
96,70,30,179,96,1
78,78,83,199,82,1
73,38,74,134,77,1
54,109,57,126,96,1
79,77,55,186,105,1
97,47,79,192,103,1
71,60,25,129,117,1
44,89,97,152,77,1
39,110,85,174,115,1
89,88,60,166,114,1
99,74,92,154,64,1
96,45,47,152,84,1
48,35,47,164,87,1
66,105,75,158,94,1
72,97,42,106,78,1
44,81,75,129,67,1
57,69,32,120,109,1
30,96,95,113,95,1
68,72,21,182,90,1
90,75,67,114,60,1
92,84,53,178,100,1
94,110,71,105,70,1
74,33,91,162,119,1
49,104,39,164,94,1
58,77,38,147,74,1
74,112,72,183,102,1
53,67,40,160,63,1
47,61,38,153,76,1
92,56,60,128,89,1
65,30,78,192,67,1
78,41,67,199,68,1
35,48,85,172,92,1
36,64,74,112,84,1
37,89,52,151,117,1
32,115,89,122,106,1
44,101,73,175,71,1
40,31,25,116,60,1
41,52,36,147,105,1
43,94,62,103,80,1
54,87,80,165,117,1
35,115,47,162,105,1
49,91,60,189,63,1
90,89,88,102,78,1
78,113,67,108,99,1
82,96,88,116,73,1
38,102,84,161,120,1
83,68,57,100,70,1
42,43,77,184,79,1
98,109,71,110,77,1
86,67,25,180,71,1
73,55,72,137,111,1
70,72,57,126,99,1
82,94,48,117,62,1
71,103,80,174,84,1
50,98,80,191,103,1
42,82,26,120,81,1
68,104,95,105,64,1
61,62,25,106,88,1
57,89,41,188,118,1
72,42,39,164,91,1
98,70,61,117,114,1
100,43,58,115,78,1
90,66,62,137,115,1
28,111,92,127,80,1
89,70,50,102,83,1
78,52,65,176,79,1
88,31,75,118,85,1
31,94,30,110,111,1
59,56,94,140,91,1
78,37,60,135,65,1
77,52,56,182,75,1
60,56,20,190,112,1
44,113,23,182,101,1
61,70,41,114,116,1
61,45,80,197,74,1
32,57,27,126,81,1
97,100,64,198,91,1
57,89,46,101,111,1
27,120,91,170,71,1
96,42,55,196,94,1
50,70,76,161,112,1
77,102,36,100,118,1
43,114,74,194,68,1
95,59,34,118,89,1
79,82,43,199,72,1
85,59,71,167,94,1
73,100,35,173,107,1
37,67,72,190,103,1
79,97,27,119,115,1
70,115,96,145,73,1
73,95,89,103,69,1
99,93,79,154,92,1
67,77,69,122,83,1
86,118,95,123,107,1
94,31,30,107,110,1
47,55,85,198,115,1
56,32,56,168,105,1
34,53,40,171,85,1
62,46,98,196,77,1
99,114,90,186,79,1
78,96,63,183,73,1
58,52,98,111,106,1
82,110,42,158,118,1
89,58,59,161,118,1
95,106,92,147,80,1
61,108,87,195,109,1
23,84,27,151,79,1
91,69,55,118,66,1
74,48,96,162,97,1
58,82,84,183,88,1
78,69,51,123,84,1
99,109,27,102,63,1
93,39,64,102,98,1
56,99,32,103,70,1
91,42,70,179,71,1
90,36,90,124,69,1
81,77,48,150,113,1
88,93,70,119,63,1
24,31,81,136,80,1
34,42,83,167,85,1
79,112,44,140,92,1
22,58,24,155,65,1
75,110,92,191,107,1
29,87,22,171,67,1
33,77,53,153,103,1
45,65,88,166,71,1
80,44,42,104,95,1
91,70,42,111,70,1
30,84,76,131,118,1
81,117,69,188,109,1
42,47,51,162,104,1
65,83,71,102,105,1
69,111,65,102,97,1
62,65,33,197,62,1
34,86,82,139,115,1
36,118,81,153,96,1
82,77,74,150,70,1
94,57,86,150,117,1
64,110,70,113,91,1
56,113,31,109,94,1
93,89,52,127,62,1
66,114,42,128,96,1
29,67,25,182,98,1
34,40,82,108,100,1
92,96,51,197,95,1
36,54,91,169,93,1
72,46,91,130,62,1
24,105,78,178,103,1
57,50,58,180,120,1
21,35,43,172,75,1
53,37,65,149,90,1
21,62,85,136,65,1
45,71,34,108,94,1
52,38,44,149,119,1
63,82,67,174,99,1
24,117,91,174,86,1
81,87,95,181,103,1
88,55,99,122,98,1
96,55,44,114,80,1
56,81,86,137,115,1
50,54,20,139,95,1
23,99,36,102,111,1
79,74,61,114,104,1
26,87,31,154,77,1
94,44,59,128,102,1
54,66,71,158,100,1
66,39,61,113,91,1
61,44,63,102,93,1
96,66,84,184,107,1
75,95,72,114,81,1
41,54,30,172,107,1
41,117,21,156,71,1
20,65,95,175,74,1
85,30,87,146,87,1
96,63,45,153,92,1
99,119,87,106,105,1
30,45,62,104,105,1
25,31,63,197,95,1
64,56,22,141,75,1
70,33,51,131,114,1
46,77,100,119,77,1
47,48,32,128,72,1
24,46,22,154,99,1
85,89,74,126,117,1
56,39,40,197,64,1
94,66,48,121,113,1
55,41,34,162,60,1
23,73,92,165,79,1
54,93,36,116,61,1
51,37,47,155,100,1
30,107,85,165,112,1
84,74,29,169,104,1
74,61,88,196,99,1
96,77,80,187,76,1
74,114,59,129,61,1
36,95,86,145,91,1
30,98,33,135,84,1
63,39,80,132,70,1
46,59,72,177,68,1
37,42,31,102,118,1
99,72,33,180,82,1
97,36,36,143,103,1
48,51,31,186,89,1
29,111,95,150,120,1
57,41,26,167,119,1
92,80,46,199,69,1
50,99,87,173,73,1
26,94,41,183,81,1
49,89,64,174,93,1
29,96,20,145,76,1
81,115,55,165,76,1
56,84,92,126,68,1
23,65,32,185,86,1
22,81,52,122,76,1
27,62,63,106,68,1
88,58,66,122,86,1
40,107,70,116,87,1
34,86,22,170,102,1
78,109,59,159,80,1
94,80,42,112,77,1
84,92,56,159,119,1
81,45,42,132,84,1
20,72,89,151,98,1
52,66,46,176,62,1
91,74,52,121,113,1
74,117,36,119,81,1
53,33,61,167,87,1
84,85,36,179,84,1
63,82,86,185,80,1
29,84,75,102,70,1
84,108,65,104,101,1
77,111,37,125,110,1
70,108,76,125,71,1
49,86,88,180,105,1
43,60,95,148,101,1
60,55,70,197,91,1
24,45,96,171,79,1
27,74,75,164,95,1
26,59,91,118,61,1
89,83,35,155,75,1
50,45,69,197,71,1
46,34,87,124,102,1
51,95,82,107,104,1
96,68,23,161,117,1
42,111,45,133,117,1
36,110,46,143,112,1
25,33,97,146,66,1
25,97,25,188,105,1
98,75,22,177,91,1
27,67,62,103,64,1
67,35,74,198,92,1
26,75,72,126,120,1
75,105,45,194,94,1
63,120,23,131,111,1
77,51,63,146,100,1
42,67,51,102,119,1
37,113,84,100,118,1
94,120,73,171,82,1
23,45,85,182,68,1
52,75,88,180,104,1
53,34,21,119,103,1
84,37,45,103,87,1
63,82,82,131,63,1
100,89,25,174,86,1
37,40,57,185,86,1
36,97,82,140,96,1
54,110,92,109,70,1
48,68,95,120,67,1
88,79,95,199,80,1
50,84,42,133,99,1
78,58,25,159,73,1
61,99,62,164,76,1
37,35,56,187,110,1
82,91,32,146,105,1
90,76,71,132,86,1
81,103,60,191,61,1
56,91,80,175,67,1
30,103,95,126,82,1
88,77,78,189,79,1
47,110,38,182,94,1
29,75,38,138,73,1
100,76,29,158,99,1
100,101,66,167,68,1
82,85,96,182,71,1
25,103,74,149,109,1
85,45,20,193,80,1
31,31,56,150,69,1
24,110,33,188,83,1
75,82,61,191,94,1
62,119,80,176,70,1
48,53,23,127,88,1
63,64,71,169,76,1
75,58,29,144,83,1
46,102,31,155,64,1
68,43,44,180,61,1
23,61,26,200,102,1
80,37,73,194,74,1
41,35,98,164,111,1
56,81,89,154,72,1
65,119,61,184,91,1
52,100,74,151,93,1
35,78,25,184,115,1
39,47,27,148,89,1
82,93,40,154,98,1
24,93,91,195,89,1
37,67,60,196,93,1
50,98,43,157,114,1
100,86,52,119,95,1
34,36,98,167,70,1
86,119,23,108,62,1
80,82,40,199,83,1
81,39,42,138,99,1
30,88,36,141,61,1
34,96,79,150,62,1
62,102,40,158,90,1
69,85,80,179,102,1
35,103,20,191,75,1
26,118,24,190,110,1
6,8,7,13,21,2
8,12,14,29,4,2
0,23,15,4,0,2
35,11,19,11,10,2
45,15,49,28,1,2
17,37,18,28,22,2
35,16,28,6,2,2
24,0,48,18,27,2
34,41,19,5,25,2
26,10,14,24,7,2
3,49,19,13,11,2
40,10,25,23,28,2
36,18,34,11,28,2
8,43,40,18,19,2
50,31,22,25,6,2
26,48,43,26,3,2
10,20,34,6,4,2
23,35,48,21,30,2
30,34,50,12,16,2
36,41,6,19,10,2
33,6,14,7,6,2
23,17,35,15,8,2
14,43,42,2,8,2
20,18,11,22,18,2
22,7,1,0,0,2
10,47,19,28,20,2
36,22,10,22,14,2
26,0,10,1,6,2
0,0,30,5,24,2
9,29,1,0,16,2
18,0,42,29,28,2
36,1,4,25,11,2
12,2,20,9,15,2
3,40,15,11,28,2
37,19,29,27,17,2
0,6,50,14,12,2
6,25,3,10,21,2
16,17,31,23,11,2
9,16,21,5,11,2
36,32,15,23,3,2
13,40,50,16,18,2
8,25,18,3,29,2
27,15,11,15,25,2
18,10,39,1,26,2
35,7,50,23,11,2
13,30,1,17,21,2
31,28,3,20,8,2
6,16,5,8,13,2
25,25,37,9,11,2
7,23,34,15,12,2
4,14,16,11,12,2
26,26,4,12,17,2
36,14,12,0,6,2
10,30,25,15,15,2
36,9,9,12,26,2
28,9,5,14,25,2
23,24,8,8,19,2
7,50,29,15,5,2
25,28,19,23,18,2
6,1,47,18,11,2
8,14,33,3,21,2
45,37,49,8,16,2
10,27,21,29,15,2
5,35,15,30,30,2
25,36,6,29,6,2
17,49,2,22,3,2
32,41,37,9,2,2
46,40,2,28,7,2
15,1,37,24,19,2
14,34,37,4,24,2
49,30,6,0,22,2
21,32,49,25,5,2
31,40,21,10,29,2
1,16,33,7,4,2
26,33,6,30,29,2
7,22,21,26,22,2
33,14,28,4,30,2
49,10,21,30,25,2
2,10,33,17,26,2
39,32,12,2,15,2
23,7,24,22,22,2
24,5,5,28,30,2
3,18,37,18,6,2
15,2,18,2,2,2
4,38,33,23,19,2
46,43,33,3,23,2
25,7,24,14,1,2
31,43,44,11,18,2
9,49,1,0,14,2
47,22,47,19,24,2
23,44,25,12,6,2
22,6,9,30,23,2
25,4,47,19,22,2
5,13,6,3,7,2
22,41,14,23,2,2
20,41,18,27,9,2
4,45,21,21,17,2
1,18,33,29,11,2
22,23,20,25,8,2
43,38,29,7,6,2
30,23,24,11,26,2
40,21,3,20,10,2
39,1,32,5,17,2
10,23,49,20,3,2
29,22,13,30,22,2
19,40,35,24,5,2
4,8,43,18,9,2
50,5,14,6,2,2
27,23,45,26,11,2
48,17,34,29,7,2
6,36,3,3,22,2
39,17,21,4,16,2
18,15,36,19,9,2
2,46,1,8,8,2
17,23,27,8,17,2
29,6,9,15,19,2
23,24,29,28,30,2
9,3,7,18,13,2
28,4,34,23,1,2
37,2,1,15,1,2
18,8,23,1,24,2
40,30,42,2,17,2
50,31,44,28,7,2
41,37,6,23,30,2
2,4,4,1,7,2
29,15,38,14,6,2
44,27,7,5,6,2
1,47,8,25,21,2
39,20,2,0,15,2
35,19,48,1,30,2
13,23,29,14,23,2
43,33,37,1,28,2
38,49,40,15,1,2
12,8,1,0,27,2
49,45,13,28,7,2
1,28,41,27,13,2
5,38,35,3,4,2
15,10,49,9,28,2
37,37,45,15,22,2
26,5,4,14,27,2
13,28,9,2,22,2
9,7,47,14,13,2
1,46,35,3,23,2
5,35,23,1,17,2
21,11,47,14,11,2
50,43,22,20,27,2
39,16,46,21,23,2
41,31,6,6,16,2
25,8,24,14,23,2
32,8,30,25,7,2
2,40,46,2,19,2
21,20,37,12,1,2
40,10,41,16,19,2
21,29,8,1,9,2
23,15,29,1,15,2
5,9,10,19,7,2
20,22,12,6,18,2
31,0,11,29,14,2
7,14,15,16,22,2
48,43,34,29,19,2
28,14,4,15,19,2
10,26,28,13,18,2
47,16,11,15,18,2
35,40,1,15,30,2
41,36,21,21,13,2
20,14,45,2,14,2
45,50,26,23,27,2
1,20,35,3,8,2
37,39,44,8,25,2
34,41,44,18,15,2
24,7,16,17,8,2
37,49,36,14,12,2
6,49,48,13,29,2
10,23,38,17,22,2
1,29,7,4,11,2
24,47,3,22,29,2
6,9,20,11,11,2
42,11,0,13,13,2
40,29,30,23,18,2
50,2,13,5,12,2
19,29,48,20,29,2
50,11,28,23,12,2
28,28,22,3,26,2
20,3,14,30,26,2
49,26,39,5,9,2
20,26,31,5,25,2
2,18,14,2,11,2
37,16,5,30,20,2
33,35,22,5,11,2
25,43,26,16,21,2
18,28,29,3,17,2
38,1,3,8,25,2
8,11,12,5,17,2
50,47,36,29,6,2
18,12,45,17,14,2
38,0,18,4,30,2
46,35,42,23,1,2
26,16,0,28,1,2
21,29,44,4,22,2
3,46,2,20,10,2
19,23,11,6,2,2
7,30,48,19,23,2
11,31,43,11,6,2
8,40,34,4,9,2
4,44,4,22,4,2
41,31,0,17,21,2
42,42,48,3,10,2
44,17,6,30,7,2
50,36,47,9,11,2
10,16,30,2,3,2
23,8,44,21,22,2
47,22,36,18,30,2
48,1,17,12,22,2
22,25,45,20,2,2
28,26,30,7,22,2
21,21,34,3,15,2
0,30,42,16,28,2
26,2,15,15,5,2
27,23,0,16,22,2
13,19,19,29,24,2
34,41,28,27,3,2
15,50,10,21,14,2
1,17,32,16,18,2
12,49,21,10,0,2
19,2,48,0,18,2
1,22,4,2,5,2
2,2,34,17,11,2
15,48,14,15,28,2
23,32,20,12,0,2
49,29,7,12,13,2
6,47,21,22,10,2
26,37,19,26,2,2
45,2,16,1,5,2
28,34,3,30,12,2
48,28,6,7,17,2
39,47,44,4,24,2
14,13,28,19,5,2
45,3,3,30,5,2
23,35,25,13,4,2
36,2,15,26,11,2
23,0,29,25,28,2
31,13,12,24,27,2
32,2,39,6,3,2
48,34,9,23,23,2
0,31,2,9,21,2
2,11,38,20,26,2
42,38,6,12,17,2
3,1,36,20,22,2
17,16,33,9,30,2
46,43,9,26,12,2
45,32,2,29,19,2
29,5,32,2,9,2
26,30,36,19,8,2
26,23,36,24,29,2
40,18,44,21,19,2
42,1,13,19,11,2
45,10,42,24,14,2
19,15,41,20,26,2
4,18,18,6,3,2
38,12,17,10,16,2
50,14,22,17,3,2
7,44,26,20,18,2
36,3,4,6,24,2
20,14,1,7,12,2
50,35,30,15,7,2
41,18,42,24,25,2
22,21,6,29,13,2
24,14,28,4,3,2
47,26,46,29,23,2
39,39,44,22,9,2
47,4,44,18,19,2
12,34,28,5,14,2
1,5,4,20,26,2
4,6,17,14,6,2
21,37,3,27,19,2
43,18,42,14,25,2
34,46,32,7,10,2
35,21,10,3,0,2
30,25,12,11,24,2
43,6,6,25,27,2
13,2,37,8,4,2
0,6,17,4,15,2
27,47,32,4,19,2
39,36,25,10,12,2
25,33,17,30,22,2
41,25,22,15,29,2
4,26,17,10,14,2
1,38,14,24,21,2
16,12,38,24,14,2
32,27,4,0,1,2
20,15,18,3,15,2
33,33,45,15,10,2
36,48,29,15,14,2
49,45,48,1,24,2
34,11,15,2,3,2
39,44,2,2,24,2
21,37,16,18,25,2
31,11,37,4,24,2
48,32,25,16,11,2
21,13,5,17,22,2
43,4,3,8,24,2
50,20,37,8,22,2
17,2,31,12,28,2
8,4,12,16,9,2
41,13,19,29,17,2
4,38,6,7,28,2
7,35,22,3,21,2
0,9,44,21,17,2
20,34,38,18,5,2
19,26,33,18,13,2
38,40,33,6,9,2
19,38,36,26,28,2
3,24,7,9,16,2
26,6,2,16,9,2
20,1,30,7,7,2
38,37,19,26,10,2
8,3,50,20,19,2
4,26,38,15,12,2
3,35,43,18,9,2
19,7,15,13,1,2
35,37,6,23,7,2
44,8,40,13,9,2
26,25,27,19,26,2
11,0,9,16,8,2
9,26,13,13,5,2
25,7,12,23,12,2
13,17,39,21,11,2
44,18,32,4,4,2
40,8,46,12,10,2
35,36,9,1,13,2
48,9,19,19,8,2
10,18,6,13,8,2
34,27,28,5,21,2
21,47,20,28,24,2
20,35,35,8,21,2
3,35,11,5,6,2
3,36,27,7,18,2
5,44,9,26,24,2
40,39,5,8,16,2
27,38,21,6,26,2
5,23,22,29,26,2
25,6,28,10,30,2
45,1,1,1,3,2
16,6,32,1,22,2
22,10,27,3,19,2
45,15,12,27,25,2
24,29,21,18,22,2
2,40,30,22,10,2
40,9,25,14,29,2
35,12,47,20,6,2
5,20,6,6,29,2
2,16,15,17,12,2
32,50,36,11,17,2
41,36,50,27,20,2
37,11,23,21,2,2
50,33,39,27,27,2
9,12,18,13,10,2
26,0,28,12,3,2
47,25,10,4,25,2
5,19,19,13,18,2
20,13,41,2,21,2
12,12,11,2,26,2
16,22,13,19,15,2
25,16,29,20,29,2
6,49,46,25,5,2
42,35,3,0,0,2
28,25,33,26,6,2
24,22,40,17,8,2
34,0,25,16,24,2
12,34,12,22,5,2
36,40,10,0,12,2
34,7,35,20,27,2
3,35,11,19,23,2
39,0,35,3,26,2
43,12,29,25,11,2
48,40,50,4,18,2
3,43,34,16,9,2
11,35,20,5,7,2
9,7,18,28,8,2
3,46,6,0,5,2
41,0,36,27,16,2
48,6,1,20,7,2
15,11,30,6,10,2
38,33,31,11,24,2
9,2,29,25,2,2
16,11,32,16,3,2
23,7,19,1,21,2
27,23,13,5,21,2
10,36,31,23,30,2
14,29,7,21,3,2
16,22,25,20,25,2
11,22,38,20,7,2
46,25,20,30,15,2
7,41,38,21,4,2
50,9,33,1,27,2
41,40,37,16,13,2
7,49,33,5,19,2
30,35,25,13,2,2
5,5,6,9,6,2
30,0,7,0,27,2
38,15,39,12,15,2
15,23,30,27,17,2
4,41,49,20,29,2
32,27,35,4,14,2
48,13,16,15,23,2
8,45,41,24,9,2
21,42,10,3,8,2
5,13,32,26,15,2
7,37,30,0,5,2
16,14,44,27,0,2
22,30,1,22,11,2
48,39,36,21,11,2
29,15,10,5,12,2
41,32,16,1,28,2
10,46,26,17,6,2
29,46,45,5,7,2
8,15,45,21,19,2
36,33,35,11,19,2
19,27,33,18,28,2
17,28,33,10,28,2
9,13,9,5,3,2
37,37,15,17,5,2
32,27,13,28,0,2
5,17,3,21,24,2
7,31,12,3,14,2
47,11,22,27,10,2
9,14,41,21,3,2
18,42,15,13,25,2
7,5,33,6,4,2
7,44,13,14,27,2
1,31,5,19,6,2
5,40,35,20,13,2
8,34,3,12,3,2
19,33,9,0,14,2
23,37,20,10,25,2
5,27,18,9,9,2
14,3,22,12,7,2
20,31,10,0,28,2
45,35,42,14,27,2
5,34,39,30,10,2
35,26,44,1,26,2
47,30,41,7,11,2
28,0,16,12,10,2
21,2,4,1,9,2
4,25,13,14,27,2
50,38,39,1,21,2
35,10,48,2,19,2
44,11,17,24,5,2
14,0,33,0,1,2
35,48,25,1,20,2
8,24,38,11,4,2
35,43,18,8,11,2
32,21,28,14,14,2
21,40,5,7,21,2
2,5,37,18,30,2
28,34,50,17,6,2
2,28,37,10,12,2
20,50,24,10,15,2
19,31,23,22,26,2
15,39,26,16,10,2
42,3,32,13,21,2
32,35,12,10,0,2
50,21,28,25,28,2
5,4,29,20,5,2
9,43,26,27,11,2
24,2,28,15,29,2
19,25,41,27,27,2
7,6,25,28,20,2
26,23,43,23,28,2
14,32,19,7,10,2
3,47,47,6,16,2
21,22,9,29,3,2
33,4,44,21,16,2
49,23,7,6,7,2
13,39,33,30,15,2
37,14,19,9,2,2
47,48,25,29,25,2
44,49,0,28,28,2
13,3,23,25,10,2
37,32,43,2,17,2
49,49,25,1,11,2
31,38,18,12,4,2
3,50,1,11,23,2
39,33,24,24,6,2
27,3,12,30,27,2
10,24,50,27,3,2
37,9,37,13,17,2
28,31,7,18,15,2
39,32,24,23,3,2
33,41,22,26,24,2
33,6,26,23,30,2
10,12,40,7,30,2
14,27,38,16,2,2
32,42,6,27,20,2
35,30,17,2,2,2
30,17,14,6,20,2
41,9,11,22,17,2
43,29,11,12,22,2
8,50,2,6,2,2
30,42,7,8,15,2
0,14,46,23,8,2
24,13,20,28,6,2
3,48,39,2,26,2
40,44,49,22,3,2
9,10,35,30,17,2
50,30,39,30,18,2
6,47,20,30,6,2
1,28,31,4,17,2
32,7,28,12,0,2
12,3,37,10,14,2
3,42,21,6,13,2
42,13,11,10,8,2
24,21,14,6,30,2
2,14,39,24,23,2
38,0,16,16,29,2
38,10,46,27,9,2
47,48,34,14,3,2
23,9,17,4,22,2
20,38,9,25,30,2
12,21,12,6,4,2
13,49,40,24,4,2
42,12,9,22,27,2
15,14,43,12,5,2
17,41,24,0,6,2
30,23,1,4,5,2
9,17,12,27,20,2
37,0,28,10,10,2
50,4,31,29,6,2
19,33,2,11,8,2
47,45,9,11,13,2
5,21,34,3,24,2
40,17,6,28,15,2
7,42,20,16,15,2
34,25,35,21,17,2
43,20,7,16,21,2
17,38,4,5,6,2
8,7,44,26,22,2
45,8,9,15,12,2
17,4,50,16,0,2
20,16,11,27,17,2
38,33,27,16,13,2
32,28,27,17,25,2
38,24,21,18,7,2
18,30,22,7,19,2
49,19,13,8,20,2
2,26,6,4,20,2
38,4,28,17,12,2
30,34,1,26,6,2
42,14,31,1,15,2
7,37,20,1,18,2
17,35,37,5,10,2
33,42,49,6,21,2
23,36,44,18,8,2
32,29,8,16,13,2
10,41,35,23,13,2
32,13,32,25,28,2
7,32,21,13,28,2
22,14,19,19,9,2
50,47,21,0,15,2
3,14,1,17,1,2
37,13,42,21,9,2
15,32,49,14,0,2
9,4,17,14,15,2
25,30,13,21,4,2
17,12,45,3,18,2
17,25,6,14,14,2
44,23,46,5,30,2
12,37,49,1,1,2
35,10,13,27,18,2
43,36,23,7,16,2
23,25,27,10,17,2
23,25,11,29,25,2
8,12,39,11,16,2
37,37,50,21,10,2
42,36,21,8,17,2
49,40,3,18,2,2
11,32,0,5,12,2
14,28,25,14,30,2
29,3,38,17,16,2
27,49,38,28,9,2
10,11,29,21,0,2
2,15,44,8,21,2
14,42,48,10,8,2
14,5,15,29,14,2
34,16,44,28,25,2
10,24,9,20,15,2
24,8,48,1,9,2
17,4,13,13,15,2
45,47,8,10,3,2
27,42,4,21,18,2
28,41,7,10,1,2
23,8,46,12,28,2
36,17,22,20,22,2
42,13,20,9,0,2
49,12,35,14,2,2
20,2,19,16,11,2
24,30,0,4,17,2
48,18,16,15,13,2
41,8,45,10,0,2
7,17,26,30,30,2
5,1,50,15,28,2
37,17,19,29,6,2
7,12,16,14,26,2
24,28,27,1,15,2
21,7,11,2,23,2
17,24,24,19,11,2
36,48,27,29,24,2
26,25,5,21,27,2
44,29,41,2,16,2
33,39,13,10,27,2
37,5,17,2,7,2
12,25,12,11,26,2
26,45,19,18,6,2
37,5,27,14,25,2
38,11,50,10,13,2
25,20,43,21,23,2
38,49,32,10,9,2
16,27,15,10,13,2
37,26,49,12,15,2
44,1,15,12,27,2
11,12,50,0,23,2
20,20,15,11,12,2
28,28,43,13,30,2
39,29,11,3,25,2
43,1,33,5,0,2
33,36,50,16,11,2
49,37,12,15,2,2
28,22,25,16,23,2
43,38,14,21,10,2
0,47,39,24,24,2
19,24,18,20,24,2
19,49,2,23,8,2
9,28,33,11,13,2
46,50,0,24,10,2
32,11,49,6,10,2
33,0,17,12,6,2
13,25,19,5,26,2
10,47,48,23,1,2
3,18,28,29,23,2
38,26,35,30,1,2
42,33,22,9,6,2
42,16,23,5,14,2
40,22,0,22,21,2
49,0,11,18,6,2
42,47,33,21,29,2
0,46,15,0,2,2
37,49,26,8,15,2
10,10,46,29,5,2
18,50,1,27,15,2
7,26,21,26,23,2
49,31,38,2,26,2
36,8,49,24,30,2
9,31,18,29,27,2
37,19,47,0,25,2
20,10,6,5,23,2
48,47,25,1,10,2
0,39,42,24,23,2
2,11,16,6,3,2
27,44,48,25,5,2
21,8,39,1,18,2
13,11,1,4,21,2
22,38,17,11,20,2
22,37,5,11,27,2
27,17,21,26,7,2
38,8,0,24,19,2
11,5,11,2,19,2
14,40,14,13,22,2
29,31,29,16,0,2
21,49,5,17,22,2
23,35,26,25,8,2
36,27,41,3,10,2
24,43,19,25,4,2
39,30,15,18,29,2
32,9,29,20,9,2
30,11,24,16,16,2
32,44,15,20,17,2
20,43,2,23,29,2
20,47,40,23,30,2
49,2,6,5,7,2
6,20,17,5,7,2
9,5,25,28,15,2
34,47,50,16,4,2
3,0,46,30,21,2
40,20,17,28,11,2
29,2,3,26,21,2
16,26,29,15,28,2
8,18,27,27,7,2
25,32,30,11,5,2
21,26,9,22,26,2
22,15,4,25,8,2
20,19,7,10,25,2
42,24,4,28,29,2
47,10,2,6,18,2
21,27,39,16,18,2
32,50,9,28,1,2
11,31,50,2,1,2
30,2,40,28,16,2
35,20,1,24,5,2
46,26,22,9,29,2
45,21,37,5,11,2
15,10,29,16,12,2
47,23,15,7,9,2
32,24,1,18,0,2
21,5,15,10,12,2
32,26,9,30,0,2
8,46,7,8,11,2
9,27,5,15,0,2
34,8,38,28,15,2
27,19,46,9,0,2
43,32,40,30,15,2
11,19,17,29,3,2
0,22,11,27,15,2
31,29,47,29,28,2
46,29,3,16,10,2
50,27,14,19,13,2
47,41,50,30,30,2
31,46,31,5,29,2
45,4,6,4,4,2
13,38,38,11,5,2
31,33,4,19,1,2
50,24,4,8,22,2
50,25,39,4,27,2
30,22,29,17,10,2
23,43,21,24,29,2
6,15,20,2,6,2
34,13,20,17,11,2
35,10,35,11,16,2
30,38,46,24,21,2
24,36,11,25,9,2
47,18,17,30,12,2
10,0,34,19,29,2
41,39,22,9,14,2
43,47,24,17,24,2
38,13,40,11,26,2
43,27,34,8,16,2
26,38,49,17,26,2
23,9,29,7,30,2
35,27,29,18,20,2
45,5,1,15,3,2
19,35,0,21,9,2
48,22,9,0,7,2
23,16,42,24,8,2
22,26,7,2,9,2
21,49,26,15,3,2
33,50,31,22,17,2
11,48,49,5,19,2
8,27,49,7,19,2
24,43,27,2,15,2
0,10,23,20,29,2
0,14,24,2,27,2
10,2,15,2,13,2
21,44,36,24,28,2
12,24,40,4,17,2
35,39,43,2,30,2
21,36,25,21,25,2
5,3,5,20,11,2
34,41,44,26,12,2
42,26,12,21,6,2
37,4,0,20,4,2
3,40,10,13,1,2
24,5,47,7,17,2
37,16,19,27,29,2
6,15,0,14,23,2
1,10,11,18,24,2
3,3,4,18,30,2
13,20,43,26,1,2
39,25,46,22,22,2
10,48,29,19,11,2
33,40,4,28,6,2
26,4,33,23,4,2
40,2,17,16,28,2
42,32,41,11,10,2
24,26,13,22,13,2
4,45,33,20,19,2
20,28,49,3,3,2
46,11,43,6,15,2
26,5,50,25,2,2
7,17,36,26,4,2
14,16,11,26,10,2
18,17,15,9,13,2
46,15,32,14,2,2
45,25,38,3,13,2
45,25,9,3,1,2
14,5,20,9,21,2
29,47,22,23,24,2
25,8,10,28,13,2
20,28,48,27,28,2
3,42,8,18,3,2
38,10,40,15,10,2
7,33,2,9,4,2
6,47,49,26,21,2
41,8,39,20,1,2
25,41,50,5,6,2
20,41,14,15,1,2
39,38,49,10,24,2
10,50,7,16,19,2
31,15,47,28,21,2
8,45,20,8,9,2
18,29,15,15,29,2
23,34,6,3,29,2
26,39,33,6,18,2
29,30,2,29,4,2
7,49,2,22,11,2
13,33,46,6,27,2
39,35,20,14,30,2
50,34,3,9,18,2
47,46,44,22,22,2
23,36,18,18,15,2
47,16,0,11,22,2
23,3,27,18,17,2
44,30,44,26,17,2
42,32,41,6,6,2
11,29,12,7,28,2
11,31,33,19,7,2
33,7,11,26,9,2
21,22,27,4,17,2
42,13,21,11,7,2
34,49,18,30,17,2
21,19,5,27,25,2
46,1,11,2,28,2
10,19,29,21,2,2
15,24,14,25,19,2
44,16,10,6,14,2
22,47,6,7,8,2
2,37,14,15,23,2
17,48,31,26,6,2
31,45,15,9,17,2
45,11,23,0,19,2
19,15,30,3,10,2
46,0,5,19,21,2
8,37,15,20,26,2
12,2,42,20,6,2
42,27,9,11,9,2
44,35,14,15,18,2
41,42,39,8,28,2
39,41,17,8,16,2
41,14,50,19,13,2
6,38,34,18,19,2
10,3,9,1,4,2
42,25,18,5,16,2
17,9,19,18,26,2
8,43,27,5,24,2
30,30,2,2,13,2
1,47,41,16,4,2
36,26,39,23,15,2
39,5,31,17,1,2
8,34,40,27,1,2
33,28,41,20,29,2
26,13,25,25,15,2
29,27,36,14,12,2
27,13,25,23,15,2
28,31,2,9,4,2
39,39,27,16,19,2
25,40,2,20,18,2
29,23,40,0,30,2
14,34,33,27,17,2
44,37,23,14,24,2
14,5,7,10,14,2
4,5,42,17,9,2
25,36,20,23,26,2
13,36,21,9,2,2
37,37,19,12,3,2
20,22,17,24,22,2
13,2,38,11,27,2
38,49,2,10,1,2
28,28,6,18,5,2
21,37,5,14,7,2
14,34,20,13,21,2
11,5,24,10,22,2
27,46,1,28,14,2
41,11,26,3,19,2
50,23,30,30,1,2
44,24,48,1,1,2
34,42,40,14,5,2
16,11,29,3,16,2
20,42,31,1,27,2
4,39,27,4,29,2
19,40,28,7,19,2
6,42,21,14,9,2
44,23,0,7,19,2
33,4,41,26,29,2
40,36,14,25,13,2
3,10,32,18,23,2
32,9,41,30,0,2
45,37,15,23,25,2
16,6,38,29,1,2
38,3,41,25,13,2
49,14,32,1,26,2
46,6,11,26,4,2
14,16,35,24,21,2
6,39,42,21,26,2
47,34,24,13,0,2
37,49,22,21,7,2
5,10,14,6,25,2
30,28,13,21,2,2
20,6,8,30,14,2
24,38,8,3,9,2
23,20,50,17,13,2
49,16,34,11,3,2
42,42,35,4,18,2
14,25,25,23,13,2
7,46,19,9,24,2
32,46,29,22,27,2
13,33,31,13,23,2
2,10,35,15,8,2
11,14,30,1,0,2
46,22,4,28,21,2
12,22,34,19,12,2
11,15,37,13,1,2
37,29,0,21,14,2
22,22,35,21,27,2
39,36,17,19,18,2
14,45,50,25,2,2
20,19,37,30,15,2
14,37,32,10,27,2
41,12,29,13,21,2
6,14,1,30,19,2
3,50,18,5,22,2
17,40,24,13,26,2
30,26,33,13,7,2
12,4,31,14,16,2
47,37,18,17,28,2
49,20,46,18,30,2
37,9,23,8,28,2
48,6,7,22,2,2
46,36,30,6,15,2
0,4,19,18,16,2
39,5,24,1,26,2
29,47,41,30,22,2
18,28,17,20,11,2
30,28,23,5,22,2
27,50,25,11,23,2
44,36,21,26,1,2
44,18,22,25,9,2
2,21,37,10,3,2
14,20,10,7,21,2
49,28,33,16,12,2
50,42,10,30,29,2
45,13,5,28,5,2
29,17,17,10,14,2
16,40,24,0,13,2
11,23,39,16,3,2
31,13,44,11,3,2
33,29,44,15,16,2
31,22,25,0,16,2
2,17,34,6,15,2
31,35,22,2,17,2
14,10,15,8,2,2
44,42,3,27,7,2
28,15,42,3,30,2
26,11,4,20,2,2
28,46,29,28,3,2
22,30,32,4,8,2
42,2,24,13,21,2
28,5,50,25,11,2
15,37,45,7,13,2
47,31,36,17,22,2
11,22,29,16,16,2
47,13,50,19,24,2
33,44,13,6,1,2
28,34,7,26,9,2
21,3,30,13,11,2
42,50,48,30,0,2
25,31,6,13,14,2
16,4,50,24,5,2
21,21,48,25,30,2
7,26,2,25,4,2
32,44,7,7,9,2
24,43,30,28,5,2
1,3,9,8,9,2
28,41,6,25,22,2
45,3,10,18,18,2
48,5,47,23,25,2
35,4,0,18,21,2
31,26,25,6,20,2
26,15,36,20,17,2
0,50,27,1,17,2
8,29,6,8,4,2
2,27,44,0,27,2
22,41,4,25,23,2
6,44,39,20,19,2
31,37,34,0,7,2
8,43,47,13,27,2
13,6,22,21,9,2
15,44,21,11,14,2
10,30,25,13,9,2
31,31,43,9,12,2
16,28,14,12,2,2
17,43,47,27,9,2
36,11,18,26,15,2
32,15,2,0,17,2
11,17,29,11,17,2
7,37,24,4,5,2
30,39,29,5,19,2
8,22,34,0,16,2
28,10,17,8,2,2
0,20,47,8,27,2
19,32,21,24,16,2
38,29,21,21,23,2
27,13,23,18,3,2
130,86,107,97,91,3
115,69,56,80,53,3
93,102,70,51,64,3
134,73,77,96,58,3
81,67,73,99,67,3
110,116,59,116,47,3
93,103,107,53,87,3
130,103,96,103,43,3
100,74,112,127,70,3
142,116,72,111,86,3
141,119,53,89,87,3
66,101,94,118,85,3
121,105,83,145,56,3
114,96,75,126,48,3
74,126,94,139,42,3
104,73,73,93,61,3
101,124,112,99,48,3
63,60,116,117,69,3
69,77,119,121,99,3
112,80,51,125,69,3
98,91,71,140,91,3
63,77,101,96,50,3
123,108,116,108,94,3
107,61,66,117,94,3
75,120,89,130,86,3
90,127,95,98,72,3
66,105,108,57,61,3
127,74,83,135,89,3
149,122,108,89,49,3
73,128,52,51,57,3
90,60,75,143,48,3
113,90,64,60,87,3
73,80,62,116,48,3
71,75,106,149,42,3
84,60,66,77,69,3
140,83,86,93,80,3
79,122,64,100,69,3
108,100,63,76,94,3
93,120,83,138,85,3
85,115,50,63,44,3
143,72,59,73,61,3
138,75,67,97,46,3
111,117,100,148,72,3
143,83,72,54,89,3
112,100,104,150,93,3
68,71,109,126,53,3
78,106,51,137,45,3
118,69,80,69,85,3
73,64,59,56,48,3
104,81,71,80,69,3
142,72,78,117,45,3
90,123,64,91,45,3
92,133,69,57,50,3
81,83,64,115,61,3
99,82,52,94,74,3
135,71,56,64,95,3
90,110,62,56,58,3
126,133,70,84,77,3
113,132,80,125,79,3
116,73,107,150,64,3
61,136,90,105,81,3
108,86,92,86,67,3
149,72,59,130,77,3
135,65,93,144,40,3
124,119,57,122,57,3
68,61,56,58,89,3
63,123,119,149,65,3
104,123,84,51,69,3
71,97,111,91,56,3
69,101,96,74,79,3
106,94,59,72,100,3
91,88,61,100,69,3
96,129,119,95,91,3
61,128,119,82,60,3
113,76,117,102,48,3
122,131,64,77,81,3
145,74,114,149,47,3
60,99,118,56,89,3
136,100,72,65,52,3
77,83,79,99,63,3
71,76,109,85,61,3
89,83,113,93,99,3
127,123,67,79,65,3
132,94,72,53,53,3
127,67,75,142,88,3
97,136,54,149,92,3
97,133,98,112,61,3
86,85,86,76,71,3
120,80,81,150,68,3
103,99,91,92,43,3
117,139,78,133,68,3
107,111,77,104,60,3
65,75,115,137,99,3
123,88,96,95,77,3
112,67,90,90,93,3
90,81,117,84,91,3
88,83,86,124,76,3
80,102,115,71,46,3
63,109,52,66,79,3
114,138,102,127,74,3
82,77,100,88,78,3
149,81,84,97,97,3
61,131,84,122,47,3
83,76,97,127,45,3
112,84,55,70,67,3
135,60,97,107,99,3
97,64,51,60,53,3
81,71,115,111,79,3
77,119,115,118,44,3
125,95,103,63,42,3
150,112,119,53,96,3
126,78,68,50,56,3
110,102,101,87,71,3
133,114,119,79,91,3
146,76,111,55,97,3
140,117,106,110,72,3
132,77,116,87,77,3
65,71,97,94,92,3
92,131,78,105,50,3
74,117,114,142,50,3
62,117,84,63,58,3
69,90,59,68,90,3
114,129,85,115,47,3
83,98,68,142,75,3
142,111,55,135,82,3
84,90,120,61,56,3
99,90,78,150,67,3
144,89,65,64,83,3
88,91,69,84,81,3
83,126,93,69,78,3
94,139,79,72,78,3
118,108,56,120,74,3
72,120,55,99,64,3
83,103,66,71,87,3
86,74,90,140,63,3
128,121,73,66,61,3
107,66,70,121,60,3
135,66,108,85,69,3
71,72,98,62,97,3
130,64,58,105,61,3
119,78,97,126,58,3
139,90,115,126,81,3
139,117,95,118,82,3
83,88,52,128,71,3
111,78,81,136,93,3
101,99,104,127,85,3
98,119,67,147,87,3
112,127,61,82,59,3
76,121,74,114,43,3
149,74,55,50,68,3
90,68,69,55,53,3
111,109,69,105,46,3
117,87,71,100,53,3
134,102,93,87,41,3
92,99,65,90,68,3
90,114,118,89,77,3
129,106,109,98,58,3
148,65,50,110,69,3
61,136,54,117,87,3
138,70,118,94,49,3
126,86,58,98,50,3
137,105,84,97,96,3
68,84,110,64,50,3
106,127,104,98,51,3
129,76,54,65,83,3
131,97,60,98,87,3
117,131,118,115,56,3
91,60,96,137,82,3
89,96,69,106,97,3
138,94,112,101,78,3
102,116,62,53,91,3
146,83,114,112,79,3
73,72,82,109,70,3
93,109,77,58,67,3
68,118,120,74,71,3
74,80,97,140,88,3
132,98,70,105,98,3
142,126,71,122,50,3
103,101,51,104,98,3
111,68,74,145,94,3
60,138,112,117,46,3
136,66,106,79,54,3
92,75,77,131,80,3
130,120,51,117,85,3
111,96,69,65,98,3
123,76,83,59,97,3
91,100,91,78,72,3
72,74,115,139,53,3
87,127,83,77,77,3
105,84,63,138,69,3
89,130,55,81,73,3
117,134,84,140,83,3
111,131,85,67,67,3
103,87,52,84,81,3
102,128,106,55,100,3
86,121,98,141,54,3
96,134,91,99,52,3
149,93,79,146,48,3
64,135,54,77,94,3
143,87,61,125,41,3
124,128,53,146,49,3
89,92,89,101,54,3
70,128,113,135,48,3
68,125,81,147,64,3
141,96,69,142,60,3
64,85,77,82,47,3
136,90,74,74,57,3
125,63,65,55,80,3
110,91,101,57,55,3
120,137,98,143,45,3
83,83,119,81,75,3
104,66,51,61,80,3
93,72,62,121,95,3
141,105,105,128,98,3
64,108,91,148,91,3
67,79,50,65,51,3
108,107,88,53,90,3
97,62,109,70,64,3
74,84,78,142,89,3
85,116,95,54,80,3
111,120,116,101,60,3
68,94,98,95,46,3
111,108,78,51,41,3
139,72,85,65,84,3
141,86,63,81,97,3
99,69,115,76,94,3
141,71,63,76,72,3
60,116,57,110,44,3
104,119,93,80,97,3
95,106,59,111,79,3
141,105,103,108,51,3
94,60,91,105,68,3
115,139,56,89,47,3
117,92,61,143,82,3
105,68,100,142,50,3
124,77,104,59,67,3
109,90,64,145,70,3
84,125,111,99,90,3
118,73,94,149,48,3
98,94,95,62,46,3
150,84,82,51,81,3
148,121,107,133,46,3
94,117,52,125,68,3
133,97,104,118,98,3
137,129,113,78,69,3
97,103,53,64,44,3
104,75,97,70,87,3
77,137,87,56,99,3
112,69,111,78,42,3
133,104,73,121,68,3
62,122,76,144,73,3
106,82,103,82,84,3
105,78,90,143,60,3
143,87,86,118,62,3
95,76,105,138,100,3
109,78,58,115,67,3
87,88,113,120,90,3
78,139,102,88,78,3
70,98,65,73,96,3
110,89,90,84,99,3
62,65,93,120,43,3
92,80,84,125,72,3
101,76,102,76,63,3
64,81,78,96,72,3
150,123,103,130,79,3
132,131,67,74,77,3
140,68,61,101,92,3
75,122,61,75,86,3
136,122,118,99,42,3
136,118,94,120,59,3
72,101,60,51,66,3
91,100,99,104,51,3
130,103,97,95,60,3
80,93,72,131,54,3
136,138,114,96,89,3
95,123,108,51,41,3
116,124,93,96,93,3
107,133,105,90,45,3
110,102,117,138,65,3
72,128,104,82,50,3
84,65,51,141,96,3
77,113,74,87,54,3
95,67,89,67,65,3
106,110,86,118,46,3
147,60,97,141,69,3
116,91,57,88,53,3
105,134,84,124,98,3
138,103,104,113,87,3
88,77,109,105,49,3
123,76,80,95,81,3
142,89,94,136,69,3
66,73,112,100,92,3
106,100,77,116,53,3
87,107,118,141,86,3
136,136,77,128,82,3
71,89,107,87,57,3
117,73,61,51,89,3
116,89,116,87,81,3
76,109,72,65,62,3
136,103,80,127,47,3
137,68,80,126,58,3
131,105,62,144,66,3
78,101,112,143,70,3
70,102,86,132,82,3
137,123,69,127,67,3
142,98,83,130,100,3
72,86,116,74,91,3
74,122,78,133,80,3
123,69,113,63,64,3
66,92,109,97,57,3
140,70,95,53,42,3
106,74,87,100,65,3
79,122,67,81,62,3
141,108,71,130,41,3
69,118,110,144,86,3
111,81,62,117,100,3
63,106,57,96,71,3
127,116,100,50,70,3
88,93,67,141,84,3
115,130,76,61,81,3
104,123,69,67,68,3
97,77,60,71,40,3
146,76,53,128,96,3
93,73,107,66,97,3
106,80,92,116,86,3
111,70,118,109,66,3
121,87,63,62,44,3
121,122,66,55,75,3
113,61,109,135,50,3
118,73,99,88,99,3
65,69,67,93,94,3
133,86,57,122,95,3
106,68,55,77,95,3
118,129,99,123,84,3
94,73,61,111,75,3
129,61,86,74,77,3
78,74,71,50,86,3
83,83,81,91,52,3
149,91,79,147,63,3
74,87,92,79,84,3
77,140,61,148,75,3
105,61,94,94,75,3
63,125,106,101,59,3
79,138,78,72,76,3
82,135,58,143,55,3
63,138,64,110,48,3
90,117,55,62,71,3
63,66,84,87,52,3
84,82,50,132,97,3
141,84,111,96,51,3
80,127,102,88,81,3
136,121,103,75,82,3
67,63,54,55,59,3
128,128,97,150,70,3
116,132,109,72,59,3
118,78,106,71,76,3
146,62,97,128,57,3
82,135,109,107,70,3
99,67,102,99,90,3
116,90,95,118,67,3
116,89,98,136,77,3
137,115,120,90,78,3
82,133,94,90,51,3
102,77,50,128,76,3
140,131,105,68,56,3
70,75,82,113,97,3
111,137,105,51,41,3
79,73,55,52,75,3
132,89,77,113,72,3
67,132,59,92,81,3
110,60,104,136,41,3
83,139,90,81,94,3
65,82,99,142,70,3
100,66,97,70,90,3
70,72,62,71,64,3
89,136,82,86,52,3
148,77,98,121,68,3
103,104,117,88,81,3
120,96,85,137,68,3
129,103,96,121,64,3
103,62,54,133,47,3
92,106,65,61,98,3
148,87,100,101,99,3
95,126,100,129,68,3
68,90,117,74,46,3
107,140,74,87,78,3
73,78,83,71,79,3
148,120,114,135,51,3
133,116,93,72,43,3
129,107,78,64,84,3
73,63,54,70,70,3
134,107,84,131,84,3
86,106,111,109,42,3
63,107,73,110,93,3
120,107,72,88,48,3
69,127,53,115,61,3
100,78,60,89,74,3
106,131,103,142,47,3
142,78,106,60,50,3
132,77,107,98,100,3
106,82,102,131,85,3
140,131,52,89,100,3
142,72,114,72,87,3
112,97,98,51,43,3
96,97,101,112,44,3
70,103,57,108,94,3
99,112,116,75,77,3
130,131,74,141,74,3
97,117,88,63,42,3
108,133,87,98,87,3
63,116,115,79,45,3
109,140,95,128,79,3
80,106,104,52,42,3
117,117,93,89,74,3
121,82,92,55,51,3
97,100,69,65,41,3
109,62,78,110,56,3
135,131,105,145,66,3
140,119,62,55,92,3
117,65,66,104,85,3
113,117,52,143,66,3
111,97,76,100,42,3
112,127,55,143,49,3
128,123,69,127,94,3
109,126,99,130,41,3
90,138,56,125,87,3
126,70,69,85,57,3
94,94,119,140,56,3
62,73,118,134,81,3
80,103,55,93,95,3
135,60,84,94,54,3
88,75,61,56,98,3
117,119,79,74,91,3
82,87,115,50,89,3
130,130,54,123,59,3
113,139,65,112,41,3
105,124,119,136,50,3
85,125,70,56,47,3
116,91,111,139,70,3
76,135,83,131,96,3
73,110,64,100,53,3
61,87,91,87,64,3
75,89,67,69,85,3
143,106,97,124,42,3
99,90,84,123,94,3
67,140,115,95,54,3
117,92,115,124,96,3
130,108,73,84,73,3
88,137,70,135,65,3
91,73,103,90,64,3
82,139,99,126,100,3
123,111,70,55,60,3
105,87,96,146,95,3
75,78,93,147,52,3
127,99,100,112,77,3
97,82,64,103,98,3
143,107,78,118,87,3
79,122,94,129,83,3
94,90,95,120,86,3
127,98,118,102,61,3
124,90,90,111,62,3
70,82,56,98,69,3
69,112,87,148,84,3
126,95,87,51,86,3
116,76,87,141,81,3
90,129,95,97,79,3
146,91,50,100,71,3
74,122,87,100,61,3
145,128,82,114,65,3
81,72,69,56,55,3
62,76,93,112,70,3
70,122,91,69,91,3
114,135,110,92,53,3
108,111,55,59,88,3
138,90,91,103,88,3
67,109,90,99,87,3
148,106,54,114,79,3
84,127,110,136,82,3
114,110,110,75,71,3
110,119,79,66,47,3
75,123,78,62,77,3
142,124,55,90,61,3
117,106,101,119,95,3
137,66,77,134,99,3
131,69,68,110,63,3
66,115,88,141,76,3
126,64,93,79,88,3
145,79,68,79,74,3
110,105,92,86,93,3
123,93,109,72,46,3
89,107,115,96,86,3
109,119,51,102,67,3
65,127,107,139,58,3
144,103,56,122,63,3
81,135,72,93,61,3
69,82,50,142,79,3
134,85,64,57,48,3
113,95,75,59,90,3
126,138,59,79,61,3
122,117,72,139,40,3
148,98,50,67,92,3
93,69,67,98,52,3
89,103,55,101,42,3
67,100,55,132,41,3
76,70,98,150,97,3
130,75,93,118,90,3
87,91,102,113,82,3
76,118,57,95,96,3
125,110,55,118,81,3
68,114,78,89,80,3
100,63,61,94,40,3
131,103,117,64,96,3
88,62,63,89,78,3
104,106,58,79,74,3
80,136,90,144,52,3
63,110,107,94,76,3
102,130,90,141,82,3
145,129,94,51,48,3
140,99,58,90,46,3
145,108,74,74,45,3
66,126,89,105,79,3
99,67,78,71,90,3
74,111,72,97,100,3
145,68,58,56,68,3
143,103,116,113,87,3
105,82,81,57,61,3
123,136,78,102,62,3
145,135,120,77,55,3
119,138,82,93,74,3
82,64,65,106,70,3
99,76,113,114,93,3
73,109,117,63,40,3
86,90,97,122,60,3
129,75,74,149,59,3
112,87,89,95,93,3
127,92,116,59,70,3
144,110,55,84,44,3
85,95,79,55,48,3
107,87,95,122,90,3
85,116,92,78,64,3
111,95,62,114,70,3
74,87,91,129,46,3
128,120,117,118,47,3
96,106,86,141,76,3
129,132,84,109,67,3
105,125,113,149,86,3
95,63,80,87,79,3
134,84,78,74,65,3
84,123,93,64,76,3
124,123,68,52,76,3
150,72,85,82,68,3
136,90,79,90,92,3
79,113,109,60,44,3
96,132,105,131,78,3
106,135,84,122,85,3
97,91,117,62,59,3
113,80,104,94,44,3
150,99,66,142,56,3
139,134,115,145,75,3
113,75,56,87,84,3
75,82,76,135,40,3
145,71,99,63,40,3
75,101,77,129,67,3
81,84,54,121,84,3
100,82,80,74,89,3
87,92,57,131,79,3
79,113,51,145,76,3
112,130,100,144,52,3
73,115,50,89,48,3
62,94,62,52,65,3
126,133,108,143,76,3
100,82,54,129,67,3
140,99,61,118,64,3
139,111,105,150,60,3
72,73,110,149,71,3
75,99,53,64,87,3
71,86,105,116,89,3
108,76,111,123,55,3
125,68,87,117,63,3
64,107,51,123,56,3
83,72,106,121,46,3
89,96,97,80,61,3
103,64,78,76,69,3
75,73,71,87,100,3
70,126,61,126,63,3
112,128,71,100,65,3
149,79,97,87,80,3
86,72,52,117,69,3
131,100,84,72,42,3
109,84,68,112,88,3
138,77,104,112,50,3
114,79,89,148,99,3
69,64,119,116,58,3
119,86,65,53,94,3
148,133,68,67,46,3
85,132,95,110,54,3
108,67,50,136,80,3
115,60,90,121,80,3
143,60,112,128,88,3
140,83,67,55,45,3
68,70,96,64,95,3
148,79,73,80,59,3
150,140,99,128,62,3
131,63,78,118,74,3
97,87,99,87,93,3
149,62,58,117,53,3
60,132,103,123,93,3
112,136,68,106,56,3
80,104,108,117,55,3
107,116,93,84,75,3
92,130,110,134,45,3
139,137,86,92,42,3
68,115,72,106,70,3
80,130,100,89,95,3
63,123,89,64,52,3
120,87,111,129,93,3
144,108,87,145,57,3
72,73,71,147,75,3
72,67,90,117,40,3
95,117,66,105,71,3
95,124,50,68,93,3
67,110,99,52,48,3
108,78,113,127,42,3
104,60,58,100,96,3
61,68,116,127,61,3
148,107,77,144,73,3
143,127,104,61,81,3
97,127,63,106,89,3
119,60,60,130,96,3
105,67,68,88,78,3
88,70,103,134,62,3
105,127,103,102,55,3
134,110,83,94,60,3
82,91,80,127,44,3
82,65,73,51,64,3
67,104,98,73,75,3
147,110,94,124,68,3
68,94,78,57,98,3
99,112,68,145,44,3
96,118,61,125,93,3
102,125,118,138,70,3
103,77,94,68,87,3
116,96,120,130,87,3
125,113,70,140,86,3
120,78,81,126,57,3
79,135,106,140,61,3
67,91,120,79,51,3
127,93,115,104,40,3
139,96,85,133,50,3
133,125,114,118,83,3
62,97,55,82,74,3
87,108,71,64,57,3
65,101,62,140,56,3
118,123,113,54,65,3
76,101,89,76,81,3
148,128,66,133,82,3
128,108,63,57,71,3
107,123,112,110,87,3
65,123,69,52,91,3
78,139,67,87,95,3
120,122,109,131,75,3
108,70,66,131,40,3
69,62,117,62,92,3
100,121,96,109,59,3
112,70,50,51,87,3
112,108,68,99,86,3
88,83,68,52,89,3
93,71,78,133,77,3
122,91,61,80,83,3
105,85,79,115,100,3
123,80,97,111,53,3
124,136,78,132,62,3
123,91,98,101,55,3
100,82,64,55,48,3
127,129,74,72,76,3
132,83,55,140,85,3
66,87,82,141,94,3
96,67,112,136,55,3
94,105,81,73,90,3
131,115,74,101,97,3
76,140,61,103,90,3
149,66,84,128,41,3
108,62,81,87,59,3
121,73,52,96,76,3
99,126,67,111,50,3
71,109,58,52,100,3
104,90,93,115,49,3
117,73,60,115,95,3
121,61,80,64,100,3
69,103,60,94,88,3
69,104,60,69,86,3
115,81,85,69,85,3
100,93,119,81,94,3
61,105,92,129,53,3
63,92,98,138,76,3
82,75,96,138,65,3
132,60,91,140,64,3
126,105,50,138,51,3
101,65,103,56,49,3
95,115,60,82,40,3
65,99,114,126,55,3
81,71,75,123,51,3
132,98,77,61,88,3
112,100,92,103,58,3
95,135,75,97,94,3
113,140,117,91,92,3
150,110,74,112,60,3
99,88,74,129,49,3
86,91,91,138,55,3
96,139,89,117,93,3
127,139,98,141,51,3
109,120,120,96,97,3
74,110,117,59,51,3
130,107,74,53,71,3
71,87,117,70,42,3
77,67,97,81,61,3
97,128,103,129,99,3
134,128,88,85,80,3
100,67,84,116,67,3
98,65,60,95,87,3
80,116,62,51,99,3
132,121,110,122,70,3
110,111,76,73,96,3
111,108,83,141,85,3
61,126,92,99,66,3
104,136,82,59,74,3
94,132,77,97,100,3
79,66,80,62,90,3
116,64,120,88,99,3
78,135,97,108,46,3
75,61,66,96,92,3
124,139,120,62,57,3
114,133,84,144,51,3
92,129,102,106,47,3
77,127,73,54,88,3
72,129,83,107,88,3
64,72,102,139,62,3
72,72,86,146,77,3
133,90,57,147,84,3
139,115,111,117,90,3
117,115,115,77,50,3
98,130,71,126,40,3
107,97,93,139,82,3
69,105,60,145,92,3
64,88,87,97,53,3
140,114,115,80,66,3
82,129,102,144,84,3
77,76,117,85,82,3
133,129,60,121,40,3
89,137,85,129,73,3
128,110,106,147,47,3
115,99,77,134,80,3
143,88,119,81,91,3
114,107,102,97,88,3
65,103,81,132,48,3
72,62,101,110,71,3
136,117,87,89,84,3
103,140,82,140,46,3
66,128,120,119,66,3
89,140,70,125,94,3
143,137,74,57,94,3
137,137,72,75,75,3
68,81,76,77,90,3
134,91,70,115,75,3
135,106,61,120,54,3
130,119,58,128,63,3
126,84,72,142,41,3
92,62,56,131,62,3
139,121,119,70,45,3
131,96,59,134,67,3
106,95,102,89,92,3
76,81,63,105,79,3
128,71,117,87,70,3
103,139,98,101,79,3
79,107,72,80,41,3
62,113,60,129,44,3
97,120,78,84,53,3
138,94,105,99,95,3
84,76,96,66,74,3
117,82,57,51,88,3
66,94,75,139,52,3
145,109,62,108,49,3
139,140,97,115,42,3
73,112,75,60,51,3
138,72,97,137,100,3
111,68,76,55,81,3
117,110,74,78,59,3
148,132,83,113,60,3
110,64,70,86,52,3
144,98,88,70,67,3
126,75,97,85,80,3
119,62,98,80,96,3
81,63,81,86,44,3
117,112,51,91,43,3
90,61,88,104,75,3
77,110,90,95,62,3
149,83,66,61,76,3
99,67,110,68,90,3
60,88,110,130,75,3
62,86,64,110,77,3
68,100,69,87,57,3
117,119,107,118,62,3
69,103,57,89,81,3
146,91,94,72,93,3
130,132,56,61,58,3
90,132,77,105,74,3
100,120,76,80,59,3
144,112,50,136,84,3
147,126,100,89,76,3
74,65,111,117,85,3
105,98,114,123,49,3
141,137,77,123,97,3
98,62,119,60,74,3
106,76,98,77,92,3
85,133,112,81,70,3
139,121,79,148,92,3
145,78,83,95,92,3
61,90,76,75,66,3
85,83,87,113,83,3
122,94,72,98,42,3
137,105,114,65,71,3
77,127,116,68,55,3
135,89,74,100,47,3
98,131,86,122,90,3
76,97,77,66,70,3
76,81,98,69,97,3
132,113,116,136,70,3
78,130,89,124,61,3
105,113,75,101,100,3
99,71,113,79,48,3
128,72,74,80,83,3
106,126,51,107,42,3
105,90,60,96,85,3
85,122,62,142,100,3
145,139,104,104,70,3
124,100,74,94,81,3
135,126,104,146,94,3
137,129,82,147,81,3
66,126,91,50,55,3
140,90,102,83,86,3
95,83,93,96,78,3
71,119,53,136,98,3
84,63,83,58,44,3
102,135,61,128,85,3
105,99,85,129,69,3
150,64,56,118,49,3
75,109,80,81,76,3
73,121,111,85,49,3
63,131,94,94,81,3
80,84,88,61,92,3
81,89,60,133,62,3
102,99,89,106,95,3
116,120,98,137,67,3
141,107,68,89,73,3
65,101,94,137,82,3
81,85,51,63,56,3
86,93,102,150,56,3
118,91,112,142,57,3
111,124,87,85,86,3
78,78,99,137,91,3
118,100,80,84,44,3
82,97,83,138,76,3
63,128,67,105,54,3
89,107,78,104,90,3
69,96,95,119,64,3
84,79,113,100,75,3
89,97,74,94,56,3
93,66,83,126,83,3
76,63,98,70,88,3
80,124,99,67,80,3
91,137,88,148,53,3
123,69,57,56,100,3
135,71,118,146,64,3
100,134,56,90,80,3
97,66,56,59,88,3
78,84,93,84,86,3
86,111,87,146,81,3
139,82,62,102,62,3
135,115,104,55,78,3
102,110,95,86,90,3
81,80,88,64,79,3
124,115,65,144,66,3
124,64,99,130,85,3
75,127,103,77,54,3
60,123,102,54,43,3
99,109,68,135,70,3
129,76,113,51,73,3
121,115,56,111,50,3
73,132,54,61,89,3
149,124,97,86,82,3
78,75,54,133,96,3
126,122,120,83,53,3
123,100,67,115,78,3
114,67,61,136,41,3
70,124,63,106,94,3
79,60,54,92,60,3
63,115,87,52,40,3
76,70,63,122,71,3
79,124,108,141,54,3
95,70,85,111,50,3
132,120,94,96,88,3
134,136,91,127,69,3
109,66,90,77,67,3
131,118,56,99,95,3
64,97,78,116,69,3
131,88,120,109,53,3
82,137,75,67,92,3
126,111,65,83,62,3
146,79,94,149,78,3
132,108,103,79,44,3
71,91,67,80,92,3
120,64,82,59,53,3
126,68,56,116,96,3
73,87,114,112,81,3
136,91,89,79,97,3
107,88,80,126,71,3
101,112,99,132,53,3
95,82,81,95,69,3
70,103,97,52,94,3
138,102,85,128,40,3
123,107,60,73,60,3
109,139,95,70,92,3
79,112,58,129,94,3
66,105,104,88,46,3
116,68,107,116,90,3
94,107,80,74,59,3
137,65,50,95,78,3
134,92,67,65,40,3
141,140,88,103,58,3
68,77,55,143,50,3
89,62,90,108,44,3
118,104,56,129,63,3
109,79,85,143,76,3
92,65,58,83,59,3
84,111,70,51,77,3
87,136,106,137,43,3
101,63,112,144,82,3
149,127,109,92,54,3
82,109,67,75,97,3
111,88,63,63,70,3
139,88,79,109,43,3
127,124,112,107,67,3
111,68,93,115,60,3
147,85,55,72,42,3
126,129,106,140,94,3
69,93,104,65,84,3
64,84,80,62,96,3
73,85,57,97,89,3
141,105,60,75,49,3
133,99,120,105,57,3
95,87,74,149,59,3
136,104,56,92,63,3
114,78,51,144,77,3
147,108,80,146,58,3
134,117,55,89,69,3
149,99,80,53,42,3
69,125,61,94,41,3
72,61,55,52,95,3
74,97,62,97,90,3
104,105,93,81,84,3
109,139,54,82,55,3
77,75,120,146,65,3
145,117,107,143,74,3
128,61,73,93,65,3
123,136,111,139,98,3
137,64,89,96,96,3
98,122,96,150,79,3
138,82,69,126,51,3
146,99,116,93,68,3
122,63,82,121,69,3
144,135,101,132,71,3
67,73,105,76,80,3
150,86,78,83,50,3
63,105,67,100,97,3
108,93,96,82,67,3
117,67,104,123,65,3
80,94,86,137,60,3
109,139,99,124,55,3
134,81,53,51,94,3
108,119,72,150,99,3
79,61,115,141,44,3
83,138,86,150,57,3
139,127,60,137,56,3
71,125,100,62,79,3
149,120,67,133,88,3
86,136,115,87,88,3
147,102,100,142,72,3
75,71,83,78,71,3
101,70,56,127,40,3
63,99,63,65,70,3
128,132,63,123,98,3
93,91,53,82,96,3
102,140,109,127,70,3
128,102,105,117,44,3
137,115,77,100,99,3
141,109,60,125,61,3
93,123,73,115,60,3
139,84,76,115,88,3
61,116,62,91,59,3
101,65,86,110,63,3
78,135,71,70,102,4
150,61,92,81,59,4
97,130,103,52,58,4
77,65,112,66,59,4
71,66,116,39,88,4
121,77,96,96,104,4
130,136,101,33,88,4
105,64,78,77,61,4
106,125,81,96,80,4
71,104,89,71,52,4
108,118,87,68,90,4
141,148,99,57,94,4
117,124,70,62,108,4
73,106,118,100,83,4
98,79,89,83,51,4
87,150,111,97,88,4
121,110,118,34,102,4
131,92,51,51,99,4
86,120,123,80,51,4
81,126,69,37,63,4
73,76,130,36,61,4
81,66,54,45,84,4
85,129,85,75,75,4
91,139,95,48,67,4
154,143,68,86,78,4
75,94,108,55,109,4
88,148,72,77,63,4
119,139,107,38,69,4
74,138,84,67,101,4
146,129,74,42,76,4
143,123,111,71,56,4
92,79,108,41,70,4
131,106,118,83,105,4
86,72,96,60,89,4
100,121,50,35,96,4
121,84,66,34,57,4
82,103,117,39,80,4
72,142,102,33,63,4
82,97,128,60,108,4
122,101,99,30,93,4
155,102,62,78,100,4
144,106,85,49,50,4
153,145,56,67,86,4
147,116,125,32,84,4
154,88,53,75,60,4
95,120,63,62,90,4
70,146,93,87,98,4
89,123,63,35,101,4
102,63,106,100,60,4
113,132,59,43,67,4
104,109,65,88,60,4
98,82,94,53,68,4
80,121,122,42,59,4
87,76,76,87,106,4
144,97,127,48,109,4
88,107,100,62,105,4
154,133,58,44,51,4
85,122,94,46,52,4
95,68,112,95,95,4
94,119,87,56,53,4
72,85,61,87,68,4
130,146,120,52,84,4
130,95,79,94,97,4
149,130,72,73,83,4
126,62,78,58,94,4
152,104,80,73,53,4
104,67,87,37,101,4
106,103,74,65,71,4
70,75,125,54,78,4
127,114,105,41,104,4
140,85,55,60,109,4
105,101,108,52,98,4
154,116,69,76,59,4
73,73,111,52,55,4
96,122,56,52,55,4
84,98,84,74,106,4
76,141,53,35,74,4
87,136,120,34,70,4
70,111,114,96,75,4
96,143,72,43,58,4
159,144,105,75,79,4
109,120,96,38,76,4
83,78,126,83,98,4
120,103,52,80,75,4
156,122,52,79,83,4
91,122,126,98,109,4
90,95,70,65,56,4
101,110,114,99,72,4
150,91,61,82,94,4
120,78,123,31,108,4
103,146,66,76,98,4
107,121,130,44,88,4
126,72,128,65,87,4
131,127,108,87,67,4
80,64,61,33,80,4
85,131,110,78,88,4
76,91,85,31,82,4
107,106,64,92,95,4
147,134,120,48,81,4
113,131,67,63,74,4
158,94,80,70,70,4
122,139,70,40,103,4
81,101,81,47,75,4
157,145,63,94,94,4
158,80,121,45,63,4
106,108,88,67,62,4
84,132,81,71,50,4
108,106,123,50,80,4
89,122,114,56,92,4
103,142,60,37,73,4
147,106,57,38,96,4
134,89,102,78,79,4
114,107,86,63,82,4
105,142,69,87,65,4
97,108,113,42,52,4
100,97,99,92,68,4
105,79,80,76,73,4
125,61,108,65,105,4
95,107,122,51,66,4
137,96,86,67,92,4
152,132,106,78,60,4
132,72,79,32,105,4
101,122,108,92,68,4
104,89,80,36,70,4
157,77,73,55,89,4
146,67,51,61,98,4
95,66,115,100,90,4
78,75,92,93,79,4
138,64,117,63,90,4
100,125,80,87,86,4
157,86,68,96,75,4
151,101,78,68,83,4
138,99,110,46,87,4
140,68,89,54,101,4
105,66,69,55,71,4
123,78,104,31,107,4
144,141,108,86,103,4
87,110,66,99,92,4
119,112,85,42,110,4
76,101,68,68,72,4
73,82,94,34,85,4
111,98,82,96,86,4
135,145,107,43,59,4
135,113,93,52,61,4
74,80,96,98,90,4
116,63,84,31,68,4
88,79,90,37,87,4
133,127,113,31,81,4
71,119,99,34,51,4
83,150,91,30,109,4
102,79,93,76,55,4
119,63,120,54,107,4
145,75,66,54,99,4
76,131,51,49,67,4
86,136,78,88,98,4
145,87,125,62,83,4
151,141,93,46,76,4
106,79,52,86,51,4
112,70,119,96,54,4
94,94,84,45,65,4
87,113,99,74,99,4
86,68,99,34,110,4
145,84,103,98,100,4
76,112,95,76,102,4
143,108,125,57,94,4
152,149,111,97,88,4
83,62,112,33,57,4
83,120,98,34,64,4
117,61,59,96,69,4
74,98,72,39,52,4
124,147,72,54,76,4
99,65,74,52,55,4
150,97,67,82,100,4
142,66,61,60,82,4
95,61,114,81,53,4
73,76,111,55,100,4
126,93,73,46,101,4
156,99,56,31,50,4
96,67,115,33,71,4
86,116,122,72,92,4
144,70,91,92,103,4
125,149,90,39,67,4
77,83,79,56,63,4
70,134,124,98,106,4
100,99,78,77,88,4
151,139,86,40,78,4
76,149,103,60,84,4
110,82,120,32,105,4
104,75,80,59,61,4
107,120,72,93,102,4
143,126,70,94,77,4
83,116,63,34,50,4
159,98,115,97,95,4
154,140,128,70,110,4
125,120,56,61,81,4
106,64,103,95,67,4
78,129,62,43,107,4
85,82,89,78,75,4
150,107,56,57,64,4
101,62,87,73,92,4
85,104,108,81,89,4
90,71,119,85,92,4
155,139,114,45,104,4
74,95,71,89,80,4
125,80,74,96,73,4
144,109,61,39,80,4
150,60,57,70,50,4
152,118,79,80,75,4
114,106,88,60,95,4
135,105,61,42,108,4
143,98,118,43,68,4
103,88,86,45,102,4
105,145,70,64,92,4
135,140,94,88,106,4
103,64,96,33,79,4
97,123,109,32,84,4
95,93,72,94,86,4
138,111,118,59,97,4
86,68,130,78,82,4
148,80,58,81,73,4
99,94,119,59,96,4
128,89,80,63,78,4
96,82,123,75,68,4
160,82,58,34,100,4
97,115,126,31,57,4
86,68,62,35,103,4
118,101,70,82,71,4
92,100,51,55,63,4
129,85,80,82,65,4
154,150,71,31,58,4
95,147,118,81,56,4
121,95,65,71,50,4
131,121,75,65,96,4
90,115,116,82,91,4
100,101,85,89,74,4
160,138,64,76,63,4
124,68,87,75,90,4
115,131,74,67,50,4
102,121,62,57,61,4
81,140,89,39,86,4
89,73,109,89,83,4
87,124,77,56,85,4
158,75,74,53,74,4
134,144,58,50,101,4
143,107,82,100,75,4
97,90,59,37,91,4
103,93,90,79,73,4
149,115,69,44,73,4
131,70,85,30,98,4
111,112,108,98,90,4
150,98,105,64,71,4
71,92,65,88,81,4
149,130,90,73,95,4
79,94,130,56,104,4
107,73,52,48,110,4
126,108,116,68,81,4
133,131,74,72,85,4
149,97,124,90,81,4
112,114,126,60,106,4
108,108,128,68,55,4
102,111,59,43,96,4
157,120,67,87,90,4
98,85,71,88,56,4
132,78,128,76,69,4
143,111,52,75,85,4
116,115,71,42,69,4
115,69,98,81,103,4
121,115,124,94,72,4
108,131,64,54,56,4
116,97,63,95,52,4
90,96,101,40,70,4
70,73,98,85,68,4
126,147,106,99,78,4
124,101,59,48,54,4
125,83,114,33,94,4
129,150,114,94,54,4
137,73,71,52,50,4
102,87,120,65,75,4
77,112,123,73,97,4
147,77,89,33,72,4
145,103,101,39,96,4
110,89,108,64,93,4
79,63,75,88,90,4
131,121,116,82,76,4
122,122,72,59,84,4
99,78,73,60,59,4
106,73,56,40,84,4
151,123,104,47,65,4
99,132,64,67,101,4
156,125,57,73,51,4
151,129,122,30,78,4
87,114,99,77,53,4
155,80,104,56,56,4
131,128,105,40,68,4
145,125,99,94,109,4
79,145,95,68,99,4
80,128,107,74,57,4
95,72,125,93,64,4
120,150,99,77,108,4
102,120,52,90,93,4
79,84,89,48,86,4
101,70,107,75,98,4
77,101,85,77,91,4
88,104,121,86,64,4
154,99,79,84,76,4
77,67,85,88,78,4
81,150,98,97,64,4
104,66,129,77,98,4
110,137,82,32,71,4
130,72,105,74,97,4
79,111,83,78,55,4
115,120,121,100,73,4
98,70,65,58,83,4
87,80,105,35,73,4
91,73,76,51,51,4
76,95,76,77,104,4
120,124,57,92,103,4
72,135,129,89,96,4
84,111,70,50,102,4
122,103,66,60,97,4
71,150,50,59,67,4
146,131,101,53,80,4
80,89,51,93,57,4
131,143,94,80,99,4
125,62,53,72,56,4
154,101,110,84,70,4
151,80,57,65,56,4
119,129,93,51,89,4
129,114,65,32,97,4
100,124,91,48,65,4
150,62,65,35,91,4
95,127,72,61,82,4
79,149,73,34,61,4
119,135,94,62,61,4
71,145,100,44,84,4
116,146,114,57,84,4
78,83,108,30,74,4
105,66,115,49,73,4
92,116,84,42,100,4
119,135,111,79,96,4
84,104,113,97,108,4
71,72,122,83,79,4
85,65,103,45,91,4
76,102,69,35,110,4
132,87,120,94,101,4
121,91,95,92,91,4
125,118,77,46,76,4
146,104,63,97,67,4
81,90,90,91,67,4
143,114,63,44,59,4
147,73,94,52,90,4
97,74,89,51,64,4
126,112,106,33,103,4
91,118,84,83,100,4
142,71,67,51,101,4
124,135,94,50,54,4
136,145,86,45,58,4
105,68,114,97,66,4
136,107,58,87,92,4
81,70,100,71,59,4
122,144,51,32,60,4
130,79,99,42,102,4
129,87,101,57,84,4
127,127,84,95,78,4
107,149,75,40,52,4
143,148,119,75,62,4
98,88,120,68,74,4
87,132,100,56,68,4
156,121,72,82,68,4
132,89,95,31,64,4
141,67,93,63,56,4
99,97,122,86,67,4
139,148,88,59,81,4
144,68,110,65,75,4
94,138,52,86,110,4
93,150,106,89,59,4
111,106,90,56,79,4
114,82,63,90,55,4
139,83,73,64,69,4
154,76,65,67,109,4
147,91,91,91,92,4
119,99,65,89,80,4
152,98,60,73,103,4
117,125,107,41,59,4
123,130,97,57,53,4
125,137,118,91,74,4
127,96,108,59,109,4
126,134,91,81,82,4
111,68,91,46,72,4
122,107,62,76,104,4
84,144,120,60,69,4
78,92,123,63,74,4
158,144,117,35,80,4
136,106,50,55,53,4
86,81,70,38,103,4
92,60,95,90,88,4
94,85,51,70,98,4
142,61,90,63,104,4
142,129,62,78,83,4
77,140,118,45,65,4
139,113,99,35,54,4
85,122,98,44,60,4
84,62,130,80,73,4
89,122,57,63,105,4
117,65,64,89,104,4
135,79,92,51,55,4
107,147,78,58,90,4
100,61,107,80,88,4
127,86,82,91,66,4
112,139,70,79,86,4
115,132,67,88,73,4
86,79,122,47,101,4
109,123,107,98,109,4
132,111,90,54,95,4
142,126,108,88,59,4
75,92,68,45,100,4
104,72,50,85,95,4
124,146,107,86,72,4
79,150,92,79,70,4
136,100,61,70,79,4
153,110,50,41,82,4
112,81,57,76,59,4
119,122,86,72,108,4
147,111,54,70,105,4
150,127,60,65,106,4
73,145,127,37,95,4
134,121,121,85,79,4
96,141,79,34,76,4
125,95,103,70,77,4
101,76,119,65,72,4
141,67,110,79,82,4
138,91,81,85,88,4
123,73,68,84,63,4
78,136,96,57,98,4
155,135,108,37,86,4
101,100,110,71,107,4
79,137,95,89,53,4
72,97,92,62,80,4
131,146,60,100,91,4
77,147,71,41,61,4
146,105,112,66,55,4
91,91,74,63,77,4
135,136,80,42,102,4
84,63,114,77,65,4
93,127,91,57,72,4
90,68,66,89,83,4
158,106,121,75,59,4
130,126,91,64,68,4
76,115,84,87,75,4
126,126,76,62,101,4
95,92,54,67,76,4
113,62,102,95,68,4
94,62,69,66,68,4
95,108,96,69,110,4
136,84,101,72,94,4
120,117,100,91,55,4
84,102,100,74,63,4
120,79,88,53,80,4
104,143,79,34,103,4
113,82,107,42,94,4
136,65,108,57,92,4
89,146,96,97,97,4
121,85,94,53,95,4
143,66,108,69,65,4
114,118,69,70,86,4
153,90,126,39,97,4
117,101,126,51,58,4
97,74,100,74,93,4
77,149,78,30,104,4
73,136,125,99,103,4
82,76,122,90,50,4
81,103,89,31,102,4
82,88,128,30,50,4
147,123,81,53,56,4
104,100,96,43,104,4
155,120,128,86,60,4
119,141,88,100,83,4
129,109,56,42,107,4
74,139,105,61,70,4
97,72,101,30,103,4
136,141,95,50,98,4
87,127,70,57,93,4
118,72,82,92,51,4
139,138,118,64,101,4
105,85,114,43,100,4
70,88,76,59,50,4
154,78,82,31,107,4
94,93,97,84,72,4
144,125,63,51,96,4
121,95,50,88,51,4
92,130,62,30,110,4
123,93,91,72,77,4
72,110,114,99,72,4
130,137,76,33,110,4
125,110,113,98,92,4
139,150,96,52,62,4
142,146,74,86,77,4
154,110,77,62,67,4
71,81,109,31,66,4
119,96,103,41,83,4
110,135,74,31,83,4
155,74,82,96,74,4
76,125,124,62,75,4
83,60,51,58,104,4
126,138,128,72,82,4
109,146,60,60,103,4
79,135,61,94,94,4
128,62,103,63,110,4
152,77,126,78,90,4
142,94,82,91,77,4
131,148,102,45,100,4
93,72,70,74,59,4
156,104,112,71,105,4
101,100,77,30,102,4
156,97,83,32,80,4
103,120,83,76,83,4
99,130,98,96,83,4
123,111,96,89,97,4
98,109,87,42,95,4
88,80,69,63,59,4
77,129,63,48,70,4
142,128,82,63,70,4
92,81,58,51,59,4
105,87,63,31,82,4
101,84,110,90,99,4
144,84,114,92,84,4
92,114,114,54,80,4
78,120,71,87,110,4
100,148,71,42,84,4
105,142,54,64,84,4
128,123,56,30,50,4
94,140,54,76,92,4
145,70,125,31,75,4
96,124,79,38,50,4
88,81,120,45,58,4
99,130,111,50,103,4
132,64,107,57,86,4
160,64,71,79,89,4
89,89,129,62,55,4
127,142,86,37,103,4
119,102,97,46,83,4
149,150,102,76,53,4
125,97,77,77,105,4
115,78,76,90,59,4
146,112,116,94,95,4
115,103,88,36,89,4
115,145,124,34,64,4
144,87,111,72,101,4
130,114,109,69,82,4
117,81,83,94,54,4
130,131,58,71,61,4
119,90,67,65,81,4
146,132,54,64,65,4
125,88,102,68,97,4
73,60,110,37,51,4
108,139,69,68,93,4
134,145,130,69,71,4
118,114,96,31,51,4
74,63,102,86,92,4
71,122,101,89,74,4
97,143,77,91,66,4
101,143,118,33,68,4
108,101,111,36,83,4
151,131,100,40,53,4
153,123,74,30,97,4
140,110,129,51,52,4
123,101,67,35,61,4
105,129,75,47,99,4
137,70,56,40,62,4
102,60,54,71,103,4
74,122,69,90,53,4
110,75,89,79,96,4
94,92,73,33,53,4
160,79,93,95,103,4
102,65,54,64,56,4
79,76,113,81,71,4
93,65,59,96,108,4
96,149,88,32,97,4
124,102,66,90,78,4
112,63,108,62,60,4
128,114,104,80,90,4
97,88,111,42,92,4
127,138,77,43,81,4
100,73,91,45,92,4
158,100,63,56,66,4
143,83,125,35,105,4
81,102,50,36,76,4
106,81,50,78,107,4
109,101,89,96,77,4
155,75,109,33,64,4
130,86,100,94,107,4
141,60,87,39,95,4
99,105,129,92,77,4
93,123,67,32,100,4
157,100,61,33,104,4
115,132,115,64,105,4
92,86,105,85,61,4
143,114,82,60,83,4
89,87,117,70,60,4
75,65,58,61,53,4
71,108,117,41,97,4
85,133,69,78,76,4
108,141,94,73,78,4
123,90,110,49,55,4
140,145,71,83,79,4
99,141,89,98,75,4
100,106,125,50,100,4
87,103,101,49,70,4
156,72,117,58,62,4
106,91,73,40,85,4
121,97,119,59,105,4
89,75,58,39,94,4
120,74,112,96,56,4
87,99,85,48,91,4
135,135,87,71,72,4
137,88,51,41,56,4
75,76,76,31,61,4
121,147,52,48,74,4
115,60,92,84,54,4
107,78,89,70,86,4
114,134,125,97,69,4
152,149,57,33,52,4
128,112,112,57,85,4
137,95,108,72,85,4
77,136,80,83,91,4
136,75,91,55,75,4
118,84,71,62,73,4
77,120,121,71,91,4
72,91,90,90,84,4
77,128,78,50,103,4
129,96,76,63,70,4
119,142,82,50,61,4
89,61,97,51,61,4
79,138,69,44,108,4
130,75,92,93,94,4
160,60,117,35,99,4
123,92,110,57,109,4
118,62,61,52,57,4
103,68,119,49,88,4
109,105,73,63,86,4
135,142,88,44,91,4
132,119,129,79,109,4
120,119,104,91,80,4
126,142,90,59,76,4
77,90,120,79,80,4
96,136,94,89,57,4
160,146,120,92,105,4
157,92,123,43,107,4
136,144,56,70,71,4
78,74,93,85,53,4
85,130,122,65,85,4
75,76,85,49,76,4
122,115,72,44,98,4
156,104,125,38,108,4
90,104,59,99,86,4
124,82,67,92,85,4
140,134,94,62,52,4
131,94,105,46,82,4
131,75,62,60,50,4
124,76,101,77,106,4
85,125,99,78,59,4
122,75,61,47,90,4
116,111,68,33,106,4
140,88,67,53,88,4
144,68,56,62,82,4
91,111,81,70,67,4
101,70,130,55,60,4
105,64,114,32,106,4
117,101,65,49,106,4
149,86,64,91,101,4
132,107,94,59,108,4
138,79,64,99,70,4
122,149,81,52,63,4
141,112,125,76,99,4
76,73,64,39,74,4
70,68,106,31,62,4
118,139,64,31,96,4
76,148,78,97,95,4
115,141,77,99,70,4
86,89,104,66,103,4
129,89,54,51,72,4
82,93,60,38,81,4
119,82,129,35,60,4
145,86,54,41,75,4
70,98,116,82,89,4
124,87,106,49,54,4
97,91,120,86,90,4
140,148,61,51,65,4
99,139,126,92,104,4
151,97,96,62,59,4
116,86,110,87,105,4
129,136,128,36,52,4
90,70,113,67,82,4
79,74,116,68,55,4
139,116,88,86,75,4
149,113,64,33,72,4
98,118,90,62,101,4
72,84,119,73,81,4
139,69,84,89,60,4
72,73,84,37,83,4
152,137,129,65,105,4
131,86,86,74,61,4
98,98,125,41,80,4
156,143,65,31,52,4
140,69,111,71,69,4
147,87,50,36,79,4
87,104,101,83,50,4
141,141,97,79,80,4
109,80,50,58,58,4
111,74,119,57,74,4
114,141,70,81,104,4
101,117,81,91,85,4
149,124,77,80,61,4
152,63,91,96,85,4
93,97,121,30,63,4
130,128,71,34,105,4
95,137,95,90,90,4
158,96,55,91,75,4
146,101,89,31,84,4
135,125,83,86,82,4
135,123,69,52,70,4
114,98,51,41,65,4
116,129,70,48,69,4
87,121,70,44,92,4
119,96,55,52,63,4
153,128,118,35,95,4
138,118,129,67,75,4
98,108,87,32,108,4
74,66,61,39,66,4
133,81,67,83,85,4
105,149,72,36,74,4
82,142,97,84,60,4
149,77,65,81,109,4
134,95,122,78,84,4
118,68,121,33,56,4
100,115,67,96,90,4
72,73,110,96,56,4
112,60,71,78,58,4
120,140,69,42,91,4
138,114,70,70,62,4
106,90,111,35,55,4
153,139,104,50,94,4
134,103,97,81,81,4
92,68,104,40,66,4
112,124,104,32,93,4
154,74,70,79,91,4
107,86,109,49,95,4
135,60,116,75,54,4
88,89,96,32,104,4
146,104,83,80,66,4
97,145,122,62,86,4
94,112,102,86,109,4
104,84,57,79,64,4
133,109,72,89,109,4
134,112,70,44,104,4
75,66,69,91,57,4
130,99,119,56,66,4
159,130,52,67,101,4
111,134,56,34,64,4
147,71,128,78,59,4
71,108,60,55,107,4
109,113,65,65,104,4
83,127,75,30,65,4
154,115,67,60,66,4
134,81,61,67,81,4
127,128,56,88,100,4
109,132,87,85,53,4
148,71,63,56,76,4
147,124,83,96,93,4
77,87,81,63,75,4
125,74,124,67,89,4
92,89,103,81,107,4
76,130,129,79,106,4
136,117,68,75,53,4
134,123,89,75,84,4
92,147,61,46,104,4
76,144,93,49,75,4
144,110,89,51,75,4
113,89,90,79,73,4
96,118,72,52,74,4
134,145,122,74,55,4
97,71,94,62,94,4
81,143,118,84,84,4
142,129,120,95,93,4
92,82,90,77,80,4
109,126,70,80,75,4
110,111,100,49,97,4
82,129,52,78,84,4
80,82,107,75,63,4
136,85,67,77,53,4
125,89,84,76,50,4
82,85,63,68,52,4
136,144,54,51,78,4
74,114,79,54,78,4
124,104,116,38,84,4
116,150,63,90,75,4
121,69,68,45,69,4
126,114,119,30,60,4
150,79,95,48,77,4
160,127,103,100,85,4
100,68,55,79,76,4
131,89,83,88,67,4
152,131,65,81,105,4
158,112,99,97,58,4
113,134,118,76,109,4
81,65,73,40,81,4
156,109,55,50,82,4
79,129,105,86,83,4
144,104,106,91,91,4
93,76,127,54,87,4
101,103,103,66,106,4
73,98,94,40,82,4
72,137,91,84,106,4
85,113,55,79,98,4
117,71,84,80,61,4
84,107,67,73,70,4
100,144,87,88,105,4
144,92,119,99,83,4
147,138,118,46,86,4
142,106,83,79,108,4
151,66,67,67,65,4
92,135,86,76,106,4
101,107,105,65,84,4
159,67,118,98,100,4
157,126,110,71,85,4
80,141,97,51,101,4
121,93,97,51,88,4
139,73,96,93,79,4
81,149,71,45,105,4
154,140,119,59,57,4
72,106,127,48,87,4
101,115,54,80,64,4
127,108,115,98,94,4
88,62,86,81,56,4
119,91,75,37,73,4
71,128,104,49,92,4
122,65,78,30,82,4
138,103,122,85,50,4
133,123,114,71,66,4
97,117,63,80,71,4
99,70,87,56,69,4
97,79,121,69,95,4
84,127,99,71,96,4
141,64,103,91,98,4
81,83,62,47,106,4
73,70,98,74,70,4
121,69,119,50,61,4
117,102,71,81,67,4
106,66,120,69,63,4
157,106,116,87,90,4
154,125,124,80,97,4
131,104,121,35,84,4
133,67,74,30,94,4
145,91,61,77,86,4
109,93,107,95,68,4
107,124,127,48,88,4
132,123,125,60,97,4
70,79,114,51,107,4
105,132,88,56,91,4
152,123,65,59,103,4
101,96,129,61,76,4
155,60,76,71,86,4
90,73,95,95,92,4
112,69,107,67,80,4
150,111,129,60,53,4
124,110,72,90,92,4
124,115,52,75,108,4
75,147,109,97,87,4
128,96,71,92,67,4
148,114,102,71,85,4
148,142,113,62,96,4
89,111,106,34,92,4
115,91,124,66,73,4
96,102,104,73,68,4
146,66,124,93,105,4
106,92,120,43,63,4
130,123,71,77,96,4
88,84,89,51,54,4
146,135,74,95,73,4
118,144,74,77,78,4
92,79,88,84,69,4
82,122,105,68,66,4
76,73,110,77,96,4
150,81,121,92,74,4
119,104,54,64,94,4
86,122,122,74,79,4
119,91,108,76,74,4
99,118,120,49,106,4
122,63,122,60,107,4
82,114,54,79,65,4
130,113,97,56,71,4
103,113,63,85,95,4
122,140,80,66,90,4
134,140,109,86,59,4
83,88,121,68,110,4
79,84,50,82,98,4
83,142,128,63,82,4
107,103,122,36,61,4
143,129,72,88,77,4
111,97,67,49,73,4
87,80,89,70,50,4
85,60,54,85,70,4
142,67,121,81,95,4
120,77,126,32,61,4
79,94,74,43,96,4
122,101,87,30,71,4
96,86,119,67,68,4
95,60,61,54,104,4
157,92,79,75,107,4
99,130,59,88,78,4
96,80,84,82,67,4
159,64,51,70,62,4
110,74,87,90,68,4
128,106,85,97,110,4
159,129,64,66,104,4
138,126,85,77,110,4
82,131,100,42,97,4
113,63,127,73,97,4
77,69,84,97,103,4
137,119,98,56,109,4
113,105,67,33,107,4
131,82,84,91,61,4
70,96,61,58,80,4
160,127,92,95,84,4
100,67,112,33,71,4
113,106,115,36,83,4
76,104,68,87,82,4
129,113,80,97,71,4
147,135,89,48,77,4
89,133,87,94,104,4
73,89,72,71,94,4
108,87,88,44,97,4
101,71,126,58,80,4
71,100,66,44,97,4
77,145,77,87,110,4
104,150,59,61,56,4
89,147,91,89,94,4
102,120,93,76,94,4
119,69,76,81,70,4
112,130,98,97,97,4
108,77,87,100,68,4
117,80,94,34,110,4
131,109,102,83,58,4
70,128,51,91,104,4
93,144,85,42,62,4
100,150,91,89,61,4
149,98,68,66,81,4
125,95,73,61,107,4
81,149,57,60,85,4
90,131,55,90,66,4
117,68,103,63,73,4
77,137,97,33,95,4
119,149,56,43,68,4
145,82,73,92,92,4
129,75,130,31,85,4
140,78,123,96,98,4
160,123,100,43,95,4
133,122,107,96,71,4
105,73,112,49,95,4
72,148,95,61,100,4
82,83,59,62,83,4
74,129,72,68,52,4
143,91,102,79,101,4
147,130,117,39,85,4
91,147,127,83,97,4
121,146,92,40,78,4
101,128,54,31,91,4
74,64,121,58,100,4
73,131,88,96,92,4
135,68,101,99,110,4
102,69,77,68,83,4
123,133,92,98,62,4
74,142,97,64,71,4
156,101,53,43,87,4
123,64,95,96,102,4
148,139,96,67,107,4
156,64,54,57,96,4
110,116,107,41,79,4
100,115,77,94,77,4
83,135,107,100,66,4
141,114,77,57,104,4
92,131,126,51,91,4
77,146,128,68,90,4
148,140,93,50,75,4
72,101,116,46,98,4
127,89,70,43,94,4
87,128,52,55,59,4
87,100,110,45,76,4
124,129,114,87,68,4
130,120,106,92,78,4
120,70,88,32,85,4
74,145,95,39,52,4
123,111,50,30,78,4
140,81,69,72,52,4
143,114,125,31,108,4
108,135,101,93,52,4
154,115,72,73,96,4
82,121,72,31,57,4
143,114,90,65,81,4
157,149,92,58,61,4
